countryListID,serieID,filmID,countryList
1,,1,"['Armenia', 'Romania', 'Dominican Republic', 'Malta', 'Mozambique']"
2,,2,"['Saint Lucia', 'Belgium']"
3,,3,"['Kiribati', 'Turkey', 'Rwanda']"
4,,4,"['Congo, Democratic Republic of the', 'Tajikistan', 'Greece', 'Bangladesh']"
5,,5,"['Czech Republic', 'Norway', 'Azerbaijan', 'United Arab Emirates']"
6,,6,"['San Marino', 'Guatemala', 'Jamaica']"
7,,7,"['Norway', 'Papua New Guinea', 'Armenia']"
8,,8,['Iraq']
9,,9,"['Kuwait', 'Vanuatu']"
10,,10,['Uganda']
11,,11,"['Guinea', 'Turkmenistan', 'Rwanda']"
12,,12,"['Chad', 'Bhutan']"
13,,13,"['Haiti', 'Ethiopia', 'The Gambia']"
14,,14,"['Montenegro', 'Kiribati']"
15,,15,['Canada']
16,,16,"['New Zealand', 'Haiti', 'Lebanon', 'Serbia', 'Nigeria']"
17,,17,['Costa Rica']
18,,18,"['Kosovo', 'Madagascar', 'Brunei', 'Russia']"
19,,19,"['Uruguay', 'Bulgaria', 'Sudan, South']"
20,,20,"['Serbia', 'United Kingdom', 'Nauru']"
21,,21,"['Vanuatu', 'Portugal', 'United States']"
22,,22,"['Taiwan', 'Malaysia', 'Guinea-Bissau', 'Saudi Arabia']"
23,,23,"['Slovakia', 'Burkina Faso', 'Netherlands']"
24,,24,"['Bangladesh', 'Kiribati']"
25,,25,['Bhutan']
26,,26,['Peru']
27,,27,['Zambia']
28,,28,"['Congo, Republic of the', 'Sri Lanka']"
29,,29,"['Mexico', 'Uruguay', 'Equatorial Guinea', 'Philippines', 'Saint Kitts and Nevis']"
30,,30,"['South Africa', 'Mozambique', 'Nicaragua', 'Belgium']"
31,,31,"['Lesotho', 'Djibouti', 'Bosnia and Herzegovina']"
32,,32,"['Iraq', 'Grenada']"
33,,33,"['Ecuador', 'Ghana', 'The Gambia', 'Turkey']"
34,,34,['Marshall Islands']
35,,35,"['Peru', 'North Macedonia', 'Belgium', 'Samoa', 'Saint Kitts and Nevis']"
36,,36,['Bulgaria']
37,,37,"['North Macedonia', 'El Salvador']"
38,,38,"['Suriname', 'Central African Republic']"
39,,39,"['Angola', 'Lesotho']"
40,,40,"['Poland', 'El Salvador', 'Kenya']"
41,,41,"['Tunisia', 'Vietnam', 'Italy']"
42,,42,"['Mexico', 'Spain', 'Cyprus']"
43,,43,"['Denmark', 'Seychelles']"
44,,44,"['Bulgaria', 'Japan', 'Russia', 'Maldives']"
45,,45,"['Moldova', 'Tanzania', 'United Arab Emirates']"
46,,46,"['Andorra', 'Tunisia']"
47,,47,"['Moldova', 'Peru', 'Cambodia']"
48,,48,"['Suriname', 'Seychelles', 'Slovenia', 'Papua New Guinea']"
49,,49,"['Luxembourg', 'Japan']"
50,,50,"['Cuba', 'Sudan', 'Somalia']"
51,,51,['The Gambia']
52,,52,"['Jamaica', 'Solomon Islands', 'Brunei', 'Singapore']"
53,,53,"['Vanuatu', 'Serbia', 'United Arab Emirates']"
54,,54,"['Ghana', 'Cambodia', 'Bahrain', 'Hungary', 'Trinidad and Tobago']"
55,,55,"['Iceland', 'Austria', 'India']"
56,,56,"['Sierra Leone', 'Guinea-Bissau', 'Iceland']"
57,,57,['Antigua and Barbuda']
58,,58,"['Laos', 'Zambia', 'Marshall Islands', 'Bosnia and Herzegovina', 'Niger']"
59,,59,"['Serbia', 'Korea, South', 'Belize', 'Comoros']"
60,,60,"['Oman', 'Canada']"
61,,61,"['Brazil', 'Brunei', 'Saint Kitts and Nevis']"
62,,62,"['Madagascar', 'Albania', 'Chad', 'Bangladesh', 'Singapore']"
63,,63,"['Cameroon', 'Belize', 'Finland', 'Rwanda', 'Honduras']"
64,,64,['Montenegro']
65,,65,"['South Africa', 'Switzerland']"
66,,66,['Cyprus']
67,,67,"['Jamaica', 'Micronesia, Federated States of']"
68,,68,"['Finland', 'Angola', 'Libya']"
69,,69,"['Venezuela', 'Malta', 'Czech Republic']"
70,,70,"['Ireland', 'North Macedonia', 'Madagascar', 'Vanuatu', 'New Zealand']"
71,,71,"['Nigeria', 'Guinea', 'Croatia']"
72,,72,"['Nicaragua', 'The Bahamas', 'Kuwait', 'Eritrea', 'Guyana']"
73,,73,"['Kyrgyzstan', 'Benin']"
74,,74,"['Sri Lanka', 'Lesotho', 'Zambia', 'Morocco']"
75,,75,"['Seychelles', 'Ireland']"
76,,76,"['Grenada', 'Sri Lanka', 'Djibouti', 'Saint Vincent and the Grenadines', 'Georgia']"
77,,77,"['Tunisia', 'United Arab Emirates', 'Vanuatu']"
78,,78,['Zambia']
79,,79,"['Egypt', 'Rwanda', 'Taiwan', 'Mali', 'Namibia']"
80,,80,"['Sao Tome and Principe', 'Kiribati']"
81,,81,"['Spain', 'Uruguay', 'Rwanda']"
82,,82,"['Mali', 'Qatar', 'United Kingdom', 'Syria', 'Dominica']"
83,,83,"['Belarus', 'Malawi', 'Chad', 'France']"
84,,84,"['Iran', 'Lesotho', 'Uganda', 'Mozambique']"
85,,85,"['Netherlands', 'Georgia', 'Trinidad and Tobago']"
86,,86,"['Kazakhstan', 'Morocco', 'India', 'South Africa']"
87,,87,"['Turkmenistan', 'Iraq', 'Kazakhstan', 'Liberia', 'Canada']"
88,,88,"['Switzerland', 'Iceland', 'Thailand', 'Oman', 'Sweden']"
89,,89,"['Tuvalu', 'Maldives', 'Vatican City', 'Sudan']"
90,,90,"['Palau', 'Nauru', 'Sweden', 'Estonia', 'Taiwan']"
91,,91,"['Rwanda', 'Jordan', 'Suriname', 'Tonga', 'Andorra']"
92,,92,"['Panama', 'Kuwait', 'Fiji', 'Angola']"
93,,93,['Canada']
94,,94,"['Italy', 'Libya']"
95,,95,"['Cambodia', 'Finland', 'Turkey']"
96,,96,"['Cameroon', 'Haiti', 'New Zealand', 'Bosnia and Herzegovina']"
97,,97,"['Saudi Arabia', 'Vanuatu']"
98,,98,"['Saint Lucia', 'Saudi Arabia', 'Malta', 'Myanmar (Burma)']"
99,,99,"['Malawi', 'Senegal', 'Norway', 'Mali']"
100,,100,"['Belarus', 'Zambia', 'Chad', 'Tanzania', 'Argentina']"
101,,101,"['Belarus', 'Denmark', 'Libya', 'Korea, South', 'Colombia']"
102,,102,['Finland']
103,,103,"['Armenia', 'Ukraine', 'Liberia']"
104,,104,"['Niger', 'Oman', 'Tunisia', 'San Marino']"
105,,105,['Egypt']
106,,106,['Samoa']
107,,107,"['Sierra Leone', 'Saint Lucia', 'Czech Republic', 'North Macedonia', 'Finland']"
108,,108,"['Canada', 'Afghanistan', 'Pakistan']"
109,,109,"['Bhutan', 'Cyprus', 'Chile']"
110,,110,"['Afghanistan', 'The Gambia', 'Italy', 'Australia', 'Peru']"
111,,111,"['Samoa', 'Brazil', 'Kuwait']"
112,,112,"['Equatorial Guinea', 'Eritrea', 'Philippines']"
113,,113,"['Switzerland', 'Ireland', 'Mexico', 'Czech Republic']"
114,,114,"['Central African Republic', 'Zimbabwe', 'Benin', 'Nicaragua', 'Sweden']"
115,,115,"['Venezuela', 'Japan', 'Qatar']"
116,,116,"['The Gambia', 'Dominican Republic']"
117,,117,['Papua New Guinea']
118,,118,['Mongolia']
119,,119,"['Barbados', 'Nauru', 'Jordan', 'Korea, North']"
120,,120,"['Argentina', 'Slovenia', 'Maldives', 'Sierra Leone', 'Dominica']"
121,,121,"['Jordan', 'Kazakhstan', 'Uzbekistan', 'Mauritius', 'Georgia']"
122,,122,['Vanuatu']
123,,123,"['Cyprus', 'Paraguay', 'Panama', 'East Timor (Timor-Leste)']"
124,,124,"['Saint Lucia', 'Liberia']"
125,,125,"['United Kingdom', 'Kyrgyzstan', 'Burundi']"
126,,126,['Benin']
127,,127,['Suriname']
128,,128,"['Lesotho', 'Haiti', 'Vatican City', 'United Kingdom']"
129,,129,['Malta']
130,,130,"['Azerbaijan', 'Belgium', 'Kyrgyzstan']"
131,,131,"['Bulgaria', 'United Arab Emirates', 'Myanmar (Burma)', 'Philippines']"
132,,132,"['Taiwan', 'Moldova']"
133,,133,"['Kyrgyzstan', 'Madagascar', 'Guyana', 'Turkey']"
134,,134,"['Belize', 'Nepal', 'Guinea']"
135,,135,"['Uruguay', 'Austria', 'Latvia', 'Mauritania', 'East Timor (Timor-Leste)']"
136,,136,"['Serbia', 'Namibia', 'Mozambique', 'Zimbabwe', 'Tanzania']"
137,,137,['Denmark']
138,,138,"['Central African Republic', 'Portugal', 'Burkina Faso']"
139,,139,['Lebanon']
140,,140,"['Nepal', 'United States', 'Niger', 'Zimbabwe']"
141,,141,"['Rwanda', 'Hungary', 'Cameroon', 'Liberia', 'Liechtenstein']"
142,,142,"['Croatia', 'Sudan']"
143,,143,"['Korea, North', 'Madagascar']"
144,,144,"['Poland', 'Algeria', 'Solomon Islands', 'Somalia', 'United States']"
145,,145,['Czech Republic']
146,,146,"['Iceland', 'Tonga', 'Somalia']"
147,,147,"['Slovakia', 'Trinidad and Tobago', 'El Salvador']"
148,,148,['Nigeria']
149,,149,['Libya']
150,,150,"['Italy', 'Niger']"
151,,151,"['Namibia', 'Comoros', 'Saint Lucia']"
152,,152,"['San Marino', 'Antigua and Barbuda', 'Armenia', 'Kosovo', 'Cuba']"
153,,153,"['Côte d’Ivoire', 'North Macedonia', 'Guyana', 'Solomon Islands', 'Bolivia']"
154,,154,"['Somalia', 'France', 'Slovakia', 'Madagascar', 'Lithuania']"
155,,155,"['Bolivia', 'Côte d’Ivoire', 'Niger', 'Nauru', 'France']"
156,,156,"['Solomon Islands', 'Saint Vincent and the Grenadines', 'Mozambique', 'Fiji', 'Antigua and Barbuda']"
157,,157,"['Uganda', 'Indonesia', 'Netherlands', 'Nauru']"
158,,158,"['Vatican City', 'Afghanistan']"
159,,159,"['Saint Vincent and the Grenadines', 'Pakistan', 'Liberia', 'Brunei']"
160,,160,"['Romania', 'Croatia', 'Moldova', 'Belarus']"
161,,161,['Solomon Islands']
162,,162,"['Romania', 'Moldova', 'Tuvalu']"
163,,163,"['Sao Tome and Principe', 'Sierra Leone', 'Andorra', 'Cabo Verde']"
164,,164,"['Germany', 'Croatia', 'Russia']"
165,,165,['Maldives']
166,,166,"['Mongolia', 'Lithuania', 'Tonga', 'Zambia', 'Sweden']"
167,,167,"['East Timor (Timor-Leste)', 'Jordan', 'Zimbabwe']"
168,,168,"['Denmark', 'Bosnia and Herzegovina', 'Korea, North', 'Andorra', 'Argentina']"
169,,169,['Mexico']
170,,170,"['Iran', 'Spain', 'Colombia']"
171,,171,"['Ethiopia', 'East Timor (Timor-Leste)']"
172,,172,"['Moldova', 'Iceland', 'Canada']"
173,,173,"['Sweden', 'India', 'Morocco', 'New Zealand']"
174,,174,"['Madagascar', 'East Timor (Timor-Leste)', 'Mozambique', 'Fiji']"
175,,175,"['Bangladesh', 'Palau', 'Slovakia', 'Cambodia']"
176,,176,"['Guatemala', 'Benin', 'Czech Republic']"
177,,177,"['Croatia', 'Niger', 'Saudi Arabia', 'Sao Tome and Principe', 'Malta']"
178,,178,"['United States', 'Egypt', 'Uruguay', 'Finland']"
179,,179,"['Korea, South', 'Yemen', 'Korea, North', 'Slovenia']"
180,,180,['Lesotho']
181,,181,"['Moldova', 'Nepal', 'Burkina Faso', 'Saint Vincent and the Grenadines', 'Malaysia']"
182,,182,"['Cameroon', 'United States']"
183,,183,"['Spain', 'Liberia']"
184,,184,['Nauru']
185,,185,"['Netherlands', 'Saint Vincent and the Grenadines', 'Morocco']"
186,,186,"['Libya', 'Indonesia']"
187,,187,"['Liberia', 'Norway']"
188,,188,"['Lesotho', 'Cambodia']"
189,,189,"['Lesotho', 'Paraguay', 'Mexico', 'Taiwan', 'Kenya']"
190,,190,"['Sri Lanka', 'Saint Lucia', 'Mozambique', 'Djibouti']"
191,,191,['Slovakia']
192,,192,"['Suriname', 'Chad']"
193,,193,['India']
194,,194,"['Haiti', 'Colombia']"
195,,195,['Sri Lanka']
196,,196,"['Maldives', 'Tuvalu', 'Papua New Guinea', 'Bosnia and Herzegovina']"
197,,197,"['Ireland', 'Sierra Leone', 'Bulgaria']"
198,,198,"['Belarus', 'Tajikistan', 'Estonia', 'Cuba']"
199,,199,"['Zimbabwe', 'Japan', 'Belize', 'Poland', 'United States']"
200,,200,"['Saint Kitts and Nevis', 'Slovenia', 'Qatar', 'Moldova']"
201,,201,"['Grenada', 'Guyana', 'Syria']"
202,,202,"['Djibouti', 'Russia', 'Benin']"
203,,203,"['Trinidad and Tobago', 'Greece', 'Chile']"
204,,204,"['Lesotho', 'Micronesia, Federated States of', 'Mongolia', 'Lebanon', 'Argentina']"
205,,205,['Morocco']
206,,206,"['Iceland', 'Algeria']"
207,,207,"['Uganda', 'Romania']"
208,,208,"['Sao Tome and Principe', 'Finland', 'Venezuela']"
209,,209,"['Madagascar', 'Malta', 'North Macedonia']"
210,,210,"['Oman', 'Qatar', 'Zambia', 'Micronesia, Federated States of', 'China']"
211,,211,"['Haiti', 'Saint Kitts and Nevis']"
212,,212,"['Guatemala', 'Costa Rica', 'United Kingdom', 'Japan']"
213,,213,"['Libya', 'Mozambique', 'Seychelles']"
214,,214,"['France', 'Venezuela', 'Spain', 'Pakistan', 'Tajikistan']"
215,,215,"['Brunei', 'Maldives', 'Philippines']"
216,,216,"['Greece', 'Guinea-Bissau']"
217,,217,"['Liechtenstein', 'Dominica']"
218,,218,['Fiji']
219,,219,"['Bhutan', 'Benin', 'Grenada', 'Mali', 'Germany']"
220,,220,['Mauritius']
221,,221,"['Uganda', 'Kazakhstan', 'Sudan, South', 'Tanzania', 'Italy']"
222,,222,"['United Arab Emirates', 'Lithuania', 'New Zealand', 'Cabo Verde']"
223,,223,['Dominican Republic']
224,,224,"['Kazakhstan', 'Cyprus', 'Tuvalu']"
225,,225,"['Sierra Leone', 'Uganda', 'Chad', 'Ecuador']"
226,,226,['Belarus']
227,,227,"['Jordan', 'United Arab Emirates']"
228,,228,"['Liechtenstein', 'Thailand', 'France', 'Cuba', 'Mexico']"
229,,229,"['Eritrea', 'Yemen', 'France', 'Kosovo']"
230,,230,"['Taiwan', 'Togo', 'Trinidad and Tobago']"
231,,231,['Cabo Verde']
232,,232,"['United Kingdom', 'Chad']"
233,,233,"['Bhutan', 'India']"
234,,234,"['Burundi', 'Bahrain', 'Brazil', 'Pakistan']"
235,,235,"['Mozambique', 'Nauru', 'Central African Republic', 'Malaysia']"
236,,236,"['Samoa', 'Cameroon', 'Monaco']"
237,,237,"['Lithuania', 'Saint Vincent and the Grenadines']"
238,,238,['Iran']
239,,239,"['Thailand', 'Turkmenistan', 'Bahrain', 'Eritrea']"
240,,240,"['Venezuela', 'Guatemala', 'Libya', 'Cyprus', 'Belarus']"
241,,241,"['Denmark', 'Taiwan', 'Oman', 'Moldova', 'Croatia']"
242,,242,"['The Gambia', 'Kosovo', 'Madagascar']"
243,,243,['Iceland']
244,,244,"['Morocco', 'Austria', 'Chad', 'Azerbaijan', 'Lebanon']"
245,,245,"['Tajikistan', 'Guinea', 'Thailand', 'Ireland', 'Netherlands']"
246,,246,"['Sweden', 'Russia', 'Algeria', 'United Arab Emirates']"
247,,247,"['Montenegro', 'Latvia', 'Russia', 'Norway', 'Malta']"
248,,248,"['Mongolia', 'Japan', 'Seychelles', 'Hungary']"
249,,249,"['Sudan', 'Estonia', 'Tajikistan', 'Marshall Islands', 'China']"
250,,250,"['Germany', 'Poland', 'Iraq', 'Guyana']"
251,,251,['Philippines']
252,,252,"['Korea, South', 'Finland', 'Ukraine', 'Solomon Islands', 'Saudi Arabia']"
253,,253,['Iran']
254,,254,"['Cabo Verde', 'Micronesia, Federated States of', 'Eritrea', 'Vatican City']"
255,,255,"['Malawi', 'Bhutan', 'Azerbaijan', 'Ukraine', 'Libya']"
256,,256,"['Bhutan', 'Iceland']"
257,,257,"['Denmark', 'Yemen', 'Malawi', 'Argentina']"
258,,258,['Uzbekistan']
259,,259,"['Sudan', 'Ireland', 'Denmark', 'Dominican Republic', 'Portugal']"
260,,260,"['Oman', 'Mongolia', 'Benin']"
261,,261,['San Marino']
262,,262,"['Montenegro', 'New Zealand', 'Cuba', 'Congo, Republic of the', 'Morocco']"
263,,263,"['Moldova', 'Paraguay']"
264,,264,['Bahrain']
265,,265,['Luxembourg']
266,,266,"['Laos', 'Switzerland', 'Singapore', 'Latvia']"
267,,267,"['Andorra', 'Singapore', 'United States']"
268,,268,"['Saint Lucia', 'Austria', 'Jamaica', 'Solomon Islands', 'Ethiopia']"
269,,269,"['South Africa', 'Belgium', 'Uzbekistan']"
270,,270,"['Micronesia, Federated States of', 'Switzerland', 'Iraq']"
271,,271,"['Sweden', 'Georgia', 'Slovakia']"
272,,272,['Singapore']
273,,273,"['The Bahamas', 'Uruguay', 'Kenya', 'Nauru']"
274,,274,"['Bangladesh', 'Iraq', 'Brazil', 'Nauru', 'Monaco']"
275,,275,"['Korea, South']"
276,,276,"['Lebanon', 'Comoros', 'Micronesia, Federated States of']"
277,,277,"['Australia', 'Fiji', 'Honduras']"
278,,278,"['Korea, North', 'Pakistan', 'Sudan, South', 'Grenada']"
279,,279,"['Ukraine', 'Sierra Leone', 'Madagascar', 'Korea, South', 'East Timor (Timor-Leste)']"
280,,280,"['North Macedonia', 'Korea, North', 'United Kingdom', 'Spain', 'Brazil']"
281,,281,"['Tajikistan', 'Turkmenistan', 'Lesotho', 'Thailand', 'Palau']"
282,,282,"['Congo, Democratic Republic of the']"
283,,283,"['Panama', 'Czech Republic', 'Tuvalu', 'Montenegro', 'Namibia']"
284,,284,"['Mongolia', 'Qatar', 'Ukraine']"
285,,285,"['Guinea', 'Luxembourg']"
286,,286,['San Marino']
287,,287,"['Haiti', 'Albania', 'Barbados']"
288,,288,"['Zimbabwe', 'Myanmar (Burma)', 'Montenegro', 'Micronesia, Federated States of']"
289,,289,['Pakistan']
290,,290,['Ethiopia']
291,,291,"['Nicaragua', 'Equatorial Guinea']"
292,,292,"['Libya', 'Luxembourg']"
293,,293,"['Equatorial Guinea', 'Liechtenstein', 'Saint Lucia', 'Bolivia']"
294,,294,"['Ecuador', 'Papua New Guinea']"
295,,295,"['Saint Lucia', 'Laos', 'Barbados']"
296,,296,"['Sweden', 'India', 'Tonga']"
297,,297,"['Korea, South', 'Liechtenstein', 'Chile']"
298,,298,"['Kazakhstan', 'El Salvador', 'Uzbekistan', 'Bahrain', 'Morocco']"
299,,299,"['Sudan, South', 'Senegal', 'Malaysia', 'Iran']"
300,,300,"['Morocco', 'Ecuador', 'Vanuatu', 'Georgia', 'Uzbekistan']"
301,,301,"['Argentina', 'Namibia', 'Venezuela', 'Cuba', 'Cabo Verde']"
302,,302,"['Mozambique', 'Switzerland']"
303,,303,"['United Arab Emirates', 'Niger', 'China', 'Spain', 'Australia']"
304,,304,['Vatican City']
305,,305,"['Iran', 'Lebanon', 'Korea, North', 'Tuvalu', 'Tonga']"
306,,306,"['Austria', 'Pakistan']"
307,,307,"['Russia', 'New Zealand', 'Austria']"
308,,308,['Niger']
309,,309,['Indonesia']
310,,310,"['Slovakia', 'Romania', 'The Gambia', 'Estonia']"
311,,311,"['Fiji', 'Bosnia and Herzegovina']"
312,,312,"['Lithuania', 'Spain', 'Seychelles']"
313,,313,"['Iraq', 'Egypt', 'Cameroon']"
314,,314,"['Ghana', 'Haiti', 'Djibouti']"
315,,315,"['Burundi', 'Angola']"
316,,316,"['Palau', 'Qatar', 'The Bahamas']"
317,,317,"['Chile', 'Botswana', 'Thailand', 'San Marino']"
318,,318,['Tajikistan']
319,,319,['Namibia']
320,,320,"['Serbia', 'Estonia', 'Jamaica', 'Georgia', 'Guinea-Bissau']"
321,,321,['Burkina Faso']
322,,322,"['Grenada', 'Brazil', 'Mexico', 'Mauritania', 'Liechtenstein']"
323,,323,"['Philippines', 'Congo, Democratic Republic of the', 'Guatemala', 'Zambia', 'China']"
324,,324,"['Andorra', 'Trinidad and Tobago', 'Chad']"
325,,325,"['Greece', 'Thailand', 'Somalia', 'China', 'Latvia']"
326,,326,"['Dominica', 'Tuvalu']"
327,,327,['Azerbaijan']
328,,328,"['Afghanistan', 'Liechtenstein', 'Iran']"
329,,329,"['China', 'Sweden', 'Paraguay', 'Poland', 'Venezuela']"
330,,330,"['Laos', 'Mozambique', 'Tanzania', 'Germany']"
331,,331,"['Yemen', 'Maldives']"
332,,332,"['Italy', 'Costa Rica', 'Cabo Verde', 'Iran', 'Sudan, South']"
333,,333,"['Belarus', 'Lithuania', 'Côte d’Ivoire', 'Gabon', 'Kosovo']"
334,,334,"['Algeria', 'Senegal', 'Benin']"
335,,335,"['Suriname', 'Chile', 'Mongolia', 'Moldova', 'Lebanon']"
336,,336,['Solomon Islands']
337,,337,"['Guatemala', 'Micronesia, Federated States of']"
338,,338,"['Algeria', 'Belgium', 'Grenada', 'Malta']"
339,,339,['Cabo Verde']
340,,340,"['Indonesia', 'Brazil', 'Mexico', 'Estonia']"
341,,341,"['Bahrain', 'Algeria', 'Belgium']"
342,,342,"['North Macedonia', 'Jamaica', 'Vatican City', 'Burundi']"
343,,343,"['Somalia', 'Kiribati']"
344,,344,['Colombia']
345,,345,"['Korea, South', 'Argentina', 'Tanzania', 'United States']"
346,,346,"['Congo, Democratic Republic of the', 'Saudi Arabia', 'United Arab Emirates', 'Cyprus', 'Sudan']"
347,,347,"['Suriname', 'Moldova', 'Botswana']"
348,,348,['France']
349,,349,"['Fiji', 'Comoros', 'Senegal']"
350,,350,"['Congo, Democratic Republic of the']"
351,,351,"['Nicaragua', 'Kuwait']"
352,,352,"['Lesotho', 'Côte d’Ivoire']"
353,,353,"['Somalia', 'Romania', 'Tanzania']"
354,,354,['Liechtenstein']
355,,355,"['Gabon', 'Bulgaria', 'Guyana', 'Comoros']"
356,,356,"['Lesotho', 'Central African Republic', 'Korea, South', 'Marshall Islands', 'Ethiopia']"
357,,357,"['Chile', 'Romania', 'Russia', 'Tanzania', 'Monaco']"
358,,358,"['Trinidad and Tobago', 'Ghana', 'Dominican Republic']"
359,,359,"['Kenya', 'Russia']"
360,,360,"['Yemen', 'Kiribati']"
361,,361,"['Congo, Democratic Republic of the', 'Poland']"
362,,362,"['Eritrea', 'France', 'Chad']"
363,,363,"['Kyrgyzstan', 'Germany', 'Vatican City', 'Kuwait']"
364,,364,"['Mongolia', 'Brazil', 'Thailand', 'Malta', 'Portugal']"
365,,365,"['San Marino', 'South Africa', 'Liechtenstein', 'Congo, Democratic Republic of the', 'Uzbekistan']"
366,,366,"['The Gambia', 'Greece']"
367,,367,"['Algeria', 'Vietnam']"
368,,368,"['Tuvalu', 'Turkey', 'Sweden', 'Libya']"
369,,369,['Central African Republic']
370,,370,['Afghanistan']
371,,371,"['Vietnam', 'Norway']"
372,,372,"['Canada', 'Tunisia', 'Sri Lanka', 'Djibouti']"
373,,373,"['Guatemala', 'Andorra', 'Burkina Faso']"
374,,374,"['Poland', 'Eswatini', 'Argentina', 'Qatar', 'United Arab Emirates']"
375,,375,"['Mongolia', 'Saint Lucia', 'Bulgaria', 'Liechtenstein']"
376,,376,"['Croatia', 'Burundi']"
377,,377,"['Mauritius', 'Croatia']"
378,,378,"['Brunei', 'Saint Kitts and Nevis', 'Marshall Islands']"
379,,379,['Lebanon']
380,,380,"['Sao Tome and Principe', 'India', 'Sudan']"
381,,381,['Bangladesh']
382,,382,"['Saudi Arabia', 'Grenada', 'Djibouti', 'Singapore', 'Cameroon']"
383,,383,"['Finland', 'Costa Rica', 'Afghanistan', 'Sudan', 'Brunei']"
384,,384,"['Qatar', 'Latvia']"
385,,385,"['Solomon Islands', 'Yemen']"
386,,386,"['Argentina', 'Syria', 'Yemen', 'Hungary']"
387,,387,['Mauritania']
388,,388,"['Bolivia', 'Solomon Islands', 'Rwanda', 'Kiribati']"
389,,389,"['Turkmenistan', 'North Macedonia', 'East Timor (Timor-Leste)']"
390,,390,['Venezuela']
391,,391,"['San Marino', 'Tunisia']"
392,,392,"['Bhutan', 'Côte d’Ivoire']"
393,,393,"['Saudi Arabia', 'Haiti', 'Brunei']"
394,,394,"['Spain', 'Suriname', 'Samoa', 'Tonga']"
395,,395,['Nigeria']
396,,396,"['Paraguay', 'Cuba']"
397,,397,"['Dominican Republic', 'Norway']"
398,,398,"['Finland', 'Taiwan', 'Myanmar (Burma)']"
399,,399,"['Mali', 'Romania', 'Malta', 'Australia', 'Moldova']"
400,,400,"['Papua New Guinea', 'Guinea-Bissau', 'Guyana', 'Cameroon', 'Belgium']"
401,,401,"['Greece', 'Guinea-Bissau', 'Palau', 'Germany', 'Uganda']"
402,,402,"['Eritrea', 'Yemen', 'Myanmar (Burma)']"
403,,403,"['Korea, North', 'Guinea']"
404,,404,['Serbia']
405,,405,"['El Salvador', 'Austria']"
406,,406,"['Finland', 'Gabon', 'Estonia', 'Jamaica']"
407,,407,"['New Zealand', 'Lithuania', 'Marshall Islands', 'Italy']"
408,,408,"['Mozambique', 'Moldova', 'Montenegro']"
409,,409,"['Japan', 'Ethiopia']"
410,,410,"['Qatar', 'Romania']"
411,,411,"['Greece', 'Japan']"
412,,412,"['Tuvalu', 'Haiti', 'Ukraine', 'Belize']"
413,,413,"['Tonga', 'Guatemala', 'Angola', 'Chad', 'Ukraine']"
414,,414,"['Norway', 'Barbados']"
415,,415,"['Tonga', 'United States', 'Monaco', 'Burkina Faso']"
416,,416,"['Latvia', 'Georgia', 'Cuba']"
417,,417,"['Tunisia', 'Germany', 'Bolivia', 'Barbados']"
418,,418,"['Uzbekistan', 'Côte d’Ivoire', 'Cameroon', 'Georgia', 'Suriname']"
419,,419,"['Slovenia', 'Kiribati', 'Cyprus', 'Paraguay']"
420,,420,"['Haiti', 'Jamaica', 'Croatia']"
421,,421,"['Malaysia', 'Yemen', 'Libya', 'Suriname', 'Cabo Verde']"
422,,422,"['Eswatini', 'Botswana', 'Sao Tome and Principe']"
423,,423,"['Slovenia', 'Eritrea', 'Nepal', 'North Macedonia', 'Laos']"
424,,424,"['Sao Tome and Principe', 'Burundi', 'Sweden', 'Yemen']"
425,,425,"['Sudan', 'Zambia']"
426,,426,"['Sudan', 'Bahrain', 'Azerbaijan', 'Saint Lucia']"
427,,427,"['Solomon Islands', 'Libya', 'Lesotho', 'Portugal']"
428,,428,"['Bhutan', 'Central African Republic', 'Brunei']"
429,,429,"['Slovenia', 'Maldives', 'Fiji']"
430,,430,"['Nigeria', 'Brunei', 'El Salvador']"
431,,431,"['Suriname', 'China', 'Netherlands', 'Belgium']"
432,,432,"['Barbados', 'Eswatini', 'Qatar', 'Togo', 'Malaysia']"
433,,433,"['Turkmenistan', 'Russia']"
434,,434,"['The Bahamas', 'Burkina Faso']"
435,,435,"['Papua New Guinea', 'Algeria', 'Belgium']"
436,,436,"['Sierra Leone', 'Slovenia', 'Comoros']"
437,,437,"['Yemen', 'Sudan, South']"
438,,438,"['Russia', 'Seychelles', 'Yemen']"
439,,439,"['Spain', 'Sudan, South', 'Micronesia, Federated States of']"
440,,440,"['Uruguay', 'Korea, South', 'Kyrgyzstan']"
441,,441,['Mozambique']
442,,442,['Angola']
443,,443,"['Tunisia', 'Liberia']"
444,,444,"['United States', 'Greece', 'Tanzania', 'Belgium', 'South Africa']"
445,,445,"['Hungary', 'Mongolia']"
446,,446,"['United Kingdom', 'Uruguay']"
447,,447,"['Greece', 'Sri Lanka', 'Libya', 'Malawi', 'Jordan']"
448,,448,['Burkina Faso']
449,,449,['Poland']
450,,450,"['Saint Lucia', 'Brazil', 'Romania', 'San Marino', 'Korea, South']"
451,,451,"['Namibia', 'Antigua and Barbuda', 'Barbados', 'Saint Lucia']"
452,,452,"['South Africa', 'Chad', 'Kuwait']"
453,,453,"['Chad', 'Barbados', 'Sweden', 'Poland', 'Turkmenistan']"
454,,454,"['Côte d’Ivoire', 'Botswana', 'Luxembourg', 'Mozambique', 'Tonga']"
455,,455,"['Angola', 'Lebanon', 'Slovenia', 'Tunisia', 'Norway']"
456,,456,"['Kazakhstan', 'Jamaica', 'Sweden', 'Greece', 'Venezuela']"
457,,457,"['Azerbaijan', 'Czech Republic', 'Andorra']"
458,,458,"['Togo', 'Switzerland', 'Djibouti']"
459,,459,"['Mexico', 'Central African Republic']"
460,,460,['Nigeria']
461,,461,"['Bolivia', 'Belgium']"
462,,462,"['Slovenia', 'Cameroon', 'Korea, North', 'United Arab Emirates']"
463,,463,"['Korea, South']"
464,,464,"['Jamaica', 'The Bahamas', 'Kosovo']"
465,,465,"['Malaysia', 'Vietnam']"
466,,466,"['Kazakhstan', 'Niger', 'El Salvador', 'Mauritania', 'Iraq']"
467,,467,"['Singapore', 'Tuvalu', 'Congo, Republic of the', 'Kuwait', 'Andorra']"
468,,468,"['Guatemala', 'Mexico']"
469,,469,"['Iraq', 'Seychelles', 'Libya', 'Zambia']"
470,,470,"['Denmark', 'Cambodia', 'Iran', 'Costa Rica', 'Taiwan']"
471,,471,"['Sweden', 'New Zealand']"
472,,472,"['Rwanda', 'Gabon', 'Libya', 'United Kingdom', 'Saint Lucia']"
473,,473,"['Austria', 'Tajikistan', 'The Bahamas']"
474,,474,"['Eswatini', 'Congo, Republic of the']"
475,,475,['Marshall Islands']
476,,476,"['Belarus', 'Qatar']"
477,,477,"['Belgium', 'Bangladesh']"
478,,478,"['Niger', 'Brazil', 'Congo, Democratic Republic of the']"
479,,479,"['Ecuador', 'Australia']"
480,,480,"['Jamaica', 'Côte d’Ivoire', 'Egypt', 'Sao Tome and Principe', 'Sweden']"
481,,481,"['Libya', 'Equatorial Guinea']"
482,,482,"['Niger', 'East Timor (Timor-Leste)', 'Grenada', 'Italy', 'Tuvalu']"
483,,483,"['Antigua and Barbuda', 'Bangladesh', 'Micronesia, Federated States of', 'Pakistan']"
484,,484,"['Canada', 'Liechtenstein', 'Morocco', 'Turkey']"
485,,485,"['Suriname', 'Honduras', 'Estonia', 'The Bahamas', 'Romania']"
486,,486,"['United Kingdom', 'Cabo Verde', 'Angola', 'Singapore', 'Belarus']"
487,,487,"['Angola', 'Madagascar', 'Sweden']"
488,,488,['Benin']
489,,489,"['Cameroon', 'Djibouti', 'North Macedonia']"
490,,490,"['El Salvador', 'Seychelles', 'Mongolia', 'Micronesia, Federated States of']"
491,,491,"['Guatemala', 'Denmark']"
492,,492,['Sierra Leone']
493,,493,"['Nepal', 'Belarus', 'Bolivia', 'Libya', 'Iran']"
494,,494,"['Belgium', 'Guyana', 'Paraguay', 'Angola']"
495,,495,"['Micronesia, Federated States of', 'Barbados', 'United Arab Emirates']"
496,,496,"['Sudan', 'Vatican City', 'Turkmenistan', 'Mongolia']"
497,,497,"['Sudan', 'Congo, Democratic Republic of the', 'Ireland', 'Chile', 'Panama']"
498,,498,"['Mauritius', 'Iran', 'Sao Tome and Principe', 'Burundi', 'Saudi Arabia']"
499,,499,"['Honduras', 'Togo', 'Pakistan', 'Ghana']"
500,,500,"['Germany', 'Eritrea', 'Cyprus', 'Argentina', 'Kosovo']"
501,,501,['El Salvador']
502,,502,"['Seychelles', 'Fiji', 'Costa Rica', 'Turkey', 'Finland']"
503,,503,"['Cabo Verde', 'Somalia', 'Bahrain', 'China']"
504,,504,['Egypt']
505,,505,"['Syria', 'Ukraine', 'Afghanistan']"
506,,506,"['Kenya', 'Tanzania']"
507,,507,"['Pakistan', 'Saint Vincent and the Grenadines']"
508,,508,"['Albania', 'Antigua and Barbuda']"
509,,509,"['Nepal', 'Slovenia', 'Vatican City', 'Mauritius', 'Finland']"
510,,510,"['Jordan', 'Georgia']"
511,,511,"['Algeria', 'Serbia', 'Zimbabwe', 'France']"
512,,512,"['Malawi', 'Portugal', 'Indonesia', 'Saint Kitts and Nevis', 'Brunei']"
513,,513,"['Kiribati', 'China']"
514,,514,"['Malawi', 'Jordan', 'Slovakia', 'Nigeria']"
515,,515,"['Belize', 'Philippines', 'Grenada', 'Gabon', 'Togo']"
516,,516,"['Italy', 'Congo, Republic of the', 'Eritrea', 'Colombia']"
517,,517,"['Morocco', 'Fiji', 'Tunisia', 'Tajikistan', 'Jordan']"
518,,518,"['Poland', 'Ethiopia', 'Australia', 'Vietnam', 'Nauru']"
519,,519,"['Central African Republic', 'Azerbaijan', 'Pakistan']"
520,,520,"['Mozambique', 'Micronesia, Federated States of', 'Romania']"
521,,521,"['Jordan', 'Namibia', 'United States', 'North Macedonia']"
522,,522,"['North Macedonia', 'Bangladesh', 'Ecuador', 'Venezuela']"
523,,523,"['Mexico', 'Trinidad and Tobago', 'Mauritius', 'Algeria', 'Gabon']"
524,,524,"['Samoa', 'Jamaica']"
525,,525,"['Bangladesh', 'Georgia']"
526,,526,"['Nicaragua', 'Fiji', 'Pakistan', 'Jamaica', 'Paraguay']"
527,,527,['Singapore']
528,,528,"['Madagascar', 'Finland']"
529,,529,"['Kazakhstan', 'Côte d’Ivoire', 'Burkina Faso', 'China', 'Argentina']"
530,,530,"['Tajikistan', 'Chad', 'Haiti', 'Latvia']"
531,,531,['Antigua and Barbuda']
532,,532,"['Bosnia and Herzegovina', 'East Timor (Timor-Leste)', 'Burundi', 'Guatemala', 'Mali']"
533,,533,"['Comoros', 'Nauru', 'Sudan, South', 'Ukraine', 'Togo']"
534,,534,"['Greece', 'Korea, North']"
535,,535,"['The Gambia', 'Kosovo']"
536,,536,"['Senegal', 'Turkey', 'Vatican City', 'Mozambique']"
537,,537,['Philippines']
538,,538,['Belize']
539,,539,"['Belize', 'Cameroon', 'Georgia']"
540,,540,"['Sao Tome and Principe', 'Burundi', 'Marshall Islands', 'Myanmar (Burma)', 'Uzbekistan']"
541,,541,"['Belize', 'Palau', 'Ghana', 'Thailand', 'Sudan']"
542,,542,"['Singapore', 'Vietnam', 'Niger', 'Brunei']"
543,,543,"['Venezuela', 'Laos']"
544,,544,"['Burundi', 'Senegal']"
545,,545,"['Czech Republic', 'Nepal', 'Grenada']"
546,,546,"['Taiwan', 'Nicaragua', 'Spain', 'Sri Lanka']"
547,,547,"['Saint Vincent and the Grenadines', 'Czech Republic', 'Vatican City']"
548,,548,"['Colombia', 'Laos', 'Denmark', 'Austria']"
549,,549,"['Hungary', 'Oman', 'Maldives', 'Congo, Democratic Republic of the']"
550,,550,"['Nicaragua', 'Dominican Republic', 'Lithuania']"
551,,551,"['Cambodia', 'Ecuador', 'Georgia', 'Central African Republic', 'Poland']"
552,,552,"['Egypt', 'Bosnia and Herzegovina']"
553,,553,['Poland']
554,,554,"['Senegal', 'The Gambia', 'Malta']"
555,,555,"['Peru', 'Hungary', 'Barbados', 'Tanzania']"
556,,556,"['Netherlands', 'Vatican City', 'Lebanon', 'Brazil']"
557,,557,"['Austria', 'The Gambia', 'Tuvalu']"
558,,558,"['Hungary', 'Malawi']"
559,,559,"['Nicaragua', 'Thailand', 'Peru']"
560,,560,['Mauritania']
561,,561,"['Nicaragua', 'Czech Republic', 'Kuwait', 'Moldova', 'Ukraine']"
562,,562,['Kuwait']
563,,563,"['The Bahamas', 'New Zealand', 'Angola']"
564,,564,"['Andorra', 'Netherlands']"
565,,565,"['Kuwait', 'Cuba', 'China', 'Dominican Republic']"
566,,566,"['Ghana', 'Malaysia', 'Dominican Republic', 'Cabo Verde', 'Uzbekistan']"
567,,567,"['Mongolia', 'Madagascar', 'Egypt', 'Iraq', 'Guinea-Bissau']"
568,,568,"['Iceland', 'Egypt', 'Montenegro', 'Mongolia', 'Maldives']"
569,,569,"['Bolivia', 'Comoros']"
570,,570,"['Cyprus', 'Iran', 'Sierra Leone', 'Mexico', 'Germany']"
571,,571,"['Poland', 'India']"
572,,572,"['Uruguay', 'Belgium']"
573,,573,['Malta']
574,,574,['Pakistan']
575,,575,"['Cameroon', 'Honduras', 'Latvia', 'Chile', 'Slovenia']"
576,,576,['Monaco']
577,,577,"['Italy', 'Argentina', 'The Gambia', 'Philippines', 'Latvia']"
578,,578,"['Montenegro', 'Romania', 'Czech Republic']"
579,,579,"['Qatar', 'Brazil', 'Portugal', 'Belarus']"
580,,580,"['Algeria', 'Djibouti', 'Bhutan', 'Peru']"
581,,581,"['Monaco', 'Slovakia', 'The Bahamas', 'Benin', 'Tanzania']"
582,,582,"['Uzbekistan', 'Tanzania', 'United States', 'Chad', 'Seychelles']"
583,,583,['Taiwan']
584,,584,"['Bolivia', 'United Kingdom', 'Tonga', 'Malta']"
585,,585,"['Finland', 'Equatorial Guinea', 'Micronesia, Federated States of']"
586,,586,"['China', 'Burkina Faso', 'Togo', 'Montenegro']"
587,,587,"['Switzerland', 'Guyana']"
588,,588,"['Kenya', 'Togo']"
589,,589,"['Rwanda', 'Taiwan', 'Iceland', 'Sudan', 'Burundi']"
590,,590,"['Grenada', 'Albania']"
591,,591,"['Botswana', 'Saint Vincent and the Grenadines']"
592,,592,"['Liechtenstein', 'Sweden', 'Afghanistan', 'Brazil']"
593,,593,"['Bosnia and Herzegovina', 'El Salvador', 'Haiti']"
594,,594,"['Sri Lanka', 'Equatorial Guinea', 'Iceland']"
595,,595,"['Congo, Republic of the', 'Uruguay', 'The Bahamas', 'Albania']"
596,,596,"['Papua New Guinea', 'Finland', 'Oman', 'Namibia']"
597,,597,"['Togo', 'Germany', 'Jordan', 'Nepal']"
598,,598,"['Italy', 'Namibia']"
599,,599,"['Ireland', 'The Gambia', 'Jordan', 'Netherlands', 'Italy']"
600,,600,"['Pakistan', 'Barbados', 'Latvia', 'Luxembourg']"
601,,601,"['Iceland', 'Guyana']"
602,,602,"['Gabon', 'Kyrgyzstan', 'Bulgaria', 'Japan', 'Canada']"
603,,603,"['Tuvalu', 'Burundi', 'Australia', 'Chad', 'Jamaica']"
604,,604,"['Ethiopia', 'Papua New Guinea', 'Bahrain', 'Ecuador']"
605,,605,"['Comoros', 'Fiji', 'Tuvalu']"
606,,606,"['Finland', 'Bhutan', 'Pakistan', 'Syria', 'Costa Rica']"
607,,607,['Georgia']
608,,608,"['Vatican City', 'Haiti', 'East Timor (Timor-Leste)']"
609,,609,"['Burkina Faso', 'Italy', 'United Arab Emirates', 'Mali']"
610,,610,"['Kosovo', 'Croatia', 'Saint Lucia', 'Sierra Leone', 'South Africa']"
611,,611,"['Sierra Leone', 'Antigua and Barbuda']"
612,,612,"['Sudan, South', 'Eritrea', 'Australia', 'Bangladesh']"
613,,613,"['Tajikistan', 'Kiribati', 'San Marino', 'Egypt']"
614,,614,"['Saint Lucia', 'Burundi']"
615,,615,['Lithuania']
616,,616,"['Guinea', 'Syria']"
617,,617,"['Taiwan', 'Malta', 'Mongolia', 'Samoa']"
618,,618,"['Malta', 'Croatia', 'Myanmar (Burma)', 'Belize', 'China']"
619,,619,"['Montenegro', 'Rwanda']"
620,,620,"['Zimbabwe', 'Monaco', 'Latvia', 'Eswatini']"
621,,621,"['Luxembourg', 'Brazil', 'Nauru', 'Kuwait', 'Congo, Republic of the']"
622,,622,"['Japan', 'Jamaica', 'Colombia']"
623,,623,"['Mongolia', 'South Africa', 'Brunei']"
624,,624,['Ethiopia']
625,,625,"['Saudi Arabia', 'Bangladesh', 'Trinidad and Tobago']"
626,,626,"['Somalia', 'Bahrain', 'Chile', 'Mongolia']"
627,,627,"['Latvia', 'Tajikistan', 'Nigeria', 'Korea, South', 'Kenya']"
628,,628,"['Tunisia', 'Andorra']"
629,,629,['Qatar']
630,,630,"['Panama', 'China', 'Antigua and Barbuda', 'Montenegro', 'Sri Lanka']"
631,,631,"['Dominican Republic', 'Central African Republic', 'Cabo Verde', 'Tunisia']"
632,,632,['Cambodia']
633,,633,"['Chad', 'New Zealand', 'Cuba', 'Ireland']"
634,,634,"['East Timor (Timor-Leste)', 'Haiti']"
635,,635,['Trinidad and Tobago']
636,,636,['Honduras']
637,,637,"['Bhutan', 'Rwanda']"
638,,638,"['Zambia', 'Nicaragua', 'Monaco', 'Sudan']"
639,,639,"['Guatemala', 'Sudan, South', 'Finland']"
640,,640,"['Moldova', 'Burundi', 'Latvia', 'Burkina Faso']"
641,,641,"['Japan', 'Argentina']"
642,,642,"['Czech Republic', 'Lebanon', 'Vietnam']"
643,,643,"['Saudi Arabia', 'Congo, Democratic Republic of the', 'United States', 'Libya', 'Belize']"
644,,644,"['El Salvador', 'Iraq', 'Oman', 'Kyrgyzstan']"
645,,645,"['Equatorial Guinea', 'Liechtenstein', 'Panama', 'Vanuatu']"
646,,646,"['Korea, North', 'Myanmar (Burma)', 'Palau', 'Armenia']"
647,,647,['Costa Rica']
648,,648,"['Sudan, South', 'Azerbaijan', 'Malta']"
649,,649,['United States']
650,,650,"['Brunei', 'Sri Lanka', 'Romania', 'Chile']"
651,,651,['Syria']
652,,652,['Colombia']
653,,653,['Estonia']
654,,654,['Bhutan']
655,,655,"['Djibouti', 'Andorra', 'Rwanda']"
656,,656,"['Philippines', 'Central African Republic']"
657,,657,['Namibia']
658,,658,"['The Gambia', 'Serbia', 'Sri Lanka', 'Nicaragua']"
659,,659,"['Angola', 'United Kingdom', 'Norway', 'Somalia', 'Egypt']"
660,,660,['Nauru']
661,,661,"['Liechtenstein', 'Laos']"
662,,662,['New Zealand']
663,,663,['Tonga']
664,,664,"['Albania', 'Argentina', 'Honduras']"
665,,665,"['Kosovo', 'Taiwan', 'Algeria', 'Bolivia', 'United Arab Emirates']"
666,,666,"['Jamaica', 'Algeria', 'Yemen']"
667,,667,"['Cameroon', 'Kenya', 'Guinea', 'The Gambia']"
668,,668,"['Congo, Republic of the', 'El Salvador', 'Mongolia', 'Lesotho', 'Mozambique']"
669,,669,"['Namibia', 'East Timor (Timor-Leste)', 'Moldova']"
670,,670,"['Bangladesh', 'Tonga', 'Switzerland', 'Algeria']"
671,,671,['Indonesia']
672,,672,"['Chad', 'Japan', 'Sri Lanka']"
673,,673,"['Ukraine', 'Panama', 'Libya', 'Mozambique']"
674,,674,"['Saint Kitts and Nevis', 'Maldives', 'Brazil', 'Japan', 'Morocco']"
675,,675,['Somalia']
676,,676,"['Qatar', 'Slovakia', 'Germany']"
677,,677,['Botswana']
678,,678,"['Vietnam', 'Russia']"
679,,679,"['Peru', 'Slovakia']"
680,,680,"['Eswatini', 'Malaysia', 'Saudi Arabia', 'Bolivia']"
681,,681,"['Bolivia', 'Tunisia', 'Tuvalu', 'Korea, North', 'Sierra Leone']"
682,,682,"['Kazakhstan', 'Congo, Republic of the', 'Czech Republic', 'Dominica', 'Azerbaijan']"
683,,683,['Costa Rica']
684,,684,"['Austria', 'Palau', 'Indonesia', 'Tunisia', 'Namibia']"
685,,685,['Colombia']
686,,686,"['North Macedonia', 'Azerbaijan']"
687,,687,"['Gabon', 'Nepal', 'Poland']"
688,,688,['Jordan']
689,,689,"['Saint Vincent and the Grenadines', 'Guinea', 'Ecuador', 'Indonesia']"
690,,690,"['Sweden', 'Vatican City', 'Equatorial Guinea', 'India', 'Belgium']"
691,,691,"['Latvia', 'The Bahamas', 'Rwanda', 'Nauru', 'Romania']"
692,,692,"['Somalia', 'Nauru', 'The Gambia', 'United States', 'Greece']"
693,,693,"['Equatorial Guinea', 'Malaysia']"
694,,694,"['Panama', 'Grenada', 'Philippines', 'Bangladesh', 'North Macedonia']"
695,,695,"['Bulgaria', 'Iceland', 'Venezuela', 'Cuba', 'Sao Tome and Principe']"
696,,696,"['Samoa', 'Argentina', 'Mauritania']"
697,,697,"['Burkina Faso', 'Italy', 'Mozambique', 'India', 'Myanmar (Burma)']"
698,,698,['Vietnam']
699,,699,"['Italy', 'Tunisia', 'New Zealand']"
700,,700,['Mauritius']
701,,701,['Kyrgyzstan']
702,,702,['Sudan']
703,,703,['Burundi']
704,,704,['Mauritania']
705,,705,"['Russia', 'Lithuania', 'Pakistan']"
706,,706,"['Lesotho', 'Spain']"
707,,707,"['Botswana', 'Netherlands', 'Thailand', 'Libya', 'Yemen']"
708,,708,"['Chad', 'Fiji', 'Slovenia', 'Cambodia']"
709,,709,['Myanmar (Burma)']
710,,710,"['Taiwan', 'Egypt']"
711,,711,"['Bulgaria', 'Costa Rica', 'Portugal', 'Egypt']"
712,,712,"['Dominican Republic', 'Pakistan', 'Botswana', 'Guinea-Bissau']"
713,,713,"['Bhutan', 'Guyana', 'Belarus', 'Angola', 'Nigeria']"
714,,714,"['The Gambia', 'Romania', 'Belize', 'Switzerland', 'Saint Lucia']"
715,,715,['China']
716,,716,"['Czech Republic', 'Slovenia', 'Congo, Democratic Republic of the', 'Cyprus']"
717,,717,"['Bhutan', 'Costa Rica', 'Slovenia', 'Mauritania']"
718,,718,"['Eritrea', 'Germany']"
719,,719,['Saint Lucia']
720,,720,"['East Timor (Timor-Leste)', 'Jamaica', 'Lithuania', 'Romania']"
721,,721,"['Russia', 'Grenada', 'United Kingdom', 'Estonia', 'Cameroon']"
722,,722,['Russia']
723,,723,"['Turkmenistan', 'Burkina Faso', 'Honduras', 'Trinidad and Tobago', 'Cabo Verde']"
724,,724,"['Croatia', 'Estonia', 'Tuvalu', 'Bhutan']"
725,,725,"['Laos', 'Saudi Arabia', 'Somalia']"
726,,726,"['Central African Republic', 'Tonga']"
727,,727,"['Yemen', 'Samoa', 'Philippines']"
728,,728,"['Chile', 'Eswatini', 'Netherlands', 'Tunisia', 'Sudan']"
729,,729,"['Palau', 'Congo, Republic of the', 'Bulgaria', 'Angola', 'Saudi Arabia']"
730,,730,"['Austria', 'Madagascar', 'Yemen']"
731,,731,"['South Africa', 'Haiti', 'Costa Rica', 'Solomon Islands']"
732,,732,"['Vietnam', 'Nicaragua']"
733,,733,"['Honduras', 'Malta', 'Eswatini']"
734,,734,"['Chile', 'Tunisia']"
735,,735,"['Kazakhstan', 'Bosnia and Herzegovina', 'Kyrgyzstan']"
736,,736,"['Nigeria', 'Iceland']"
737,,737,"['Germany', 'Nigeria', 'Hungary', 'Monaco']"
738,,738,"['Bhutan', 'Colombia', 'Czech Republic']"
739,,739,"['Guinea-Bissau', 'Central African Republic', 'Panama', 'Pakistan']"
740,,740,"['Lithuania', 'Saudi Arabia', 'United Arab Emirates', 'Costa Rica']"
741,,741,['East Timor (Timor-Leste)']
742,,742,"['Ethiopia', 'Bhutan', 'United Arab Emirates']"
743,,743,"['Italy', 'Venezuela', 'Yemen', 'San Marino', 'Guatemala']"
744,,744,"['Oman', 'Slovenia', 'Singapore', 'Colombia']"
745,,745,"['Côte d’Ivoire', 'Cuba']"
746,,746,['Andorra']
747,,747,"['Palau', 'United States', 'Djibouti', 'Switzerland', 'Guinea']"
748,,748,"['The Bahamas', 'Ecuador', 'Iraq']"
749,,749,['Portugal']
750,,750,"['Italy', 'Paraguay', 'Saudi Arabia', 'Benin', 'Ireland']"
751,,751,['Comoros']
752,,752,"['Nicaragua', 'North Macedonia', 'Tanzania']"
753,,753,"['New Zealand', 'Lesotho', 'East Timor (Timor-Leste)', 'Nigeria']"
754,,754,"['Sierra Leone', 'Kuwait', 'Kyrgyzstan', 'Turkey']"
755,,755,"['Congo, Democratic Republic of the', 'Zimbabwe']"
756,,756,"['El Salvador', 'Oman', 'Senegal']"
757,,757,"['Iraq', 'Ukraine', 'Cambodia', 'China']"
758,,758,['Iceland']
759,,759,"['Fiji', 'San Marino', 'Chad', 'Kuwait']"
760,,760,['Central African Republic']
761,,761,"['Eswatini', 'Laos', 'Luxembourg', 'Saudi Arabia']"
762,,762,"['Somalia', 'Togo', 'Greece', 'Guinea-Bissau']"
763,,763,"['Kosovo', 'Zambia', 'India']"
764,,764,['Burundi']
765,,765,"['Estonia', 'Lebanon', 'Korea, North']"
766,,766,"['Poland', 'Bahrain', 'Bhutan', 'China', 'Andorra']"
767,,767,['Bosnia and Herzegovina']
768,,768,"['New Zealand', 'Afghanistan', 'Saint Lucia']"
769,,769,"['Sudan', 'Tonga', 'Japan', 'Sierra Leone']"
770,,770,['Mauritania']
771,,771,"['Maldives', 'Poland']"
772,,772,"['Azerbaijan', 'Bahrain', 'Kazakhstan', 'Egypt']"
773,,773,['Saudi Arabia']
774,,774,"['Finland', 'Malta', 'Iceland', 'Sao Tome and Principe']"
775,,775,['Tanzania']
776,,776,"['Burundi', 'Croatia', 'Costa Rica', 'Kuwait', 'Georgia']"
777,,777,['Senegal']
778,,778,"['Czech Republic', 'Somalia']"
779,,779,"['Nigeria', 'United States', 'Burkina Faso']"
780,,780,"['Kosovo', 'Mauritania', 'Gabon', 'Libya']"
781,,781,"['Vatican City', 'Benin', 'Afghanistan', 'East Timor (Timor-Leste)', 'San Marino']"
782,,782,"['Malawi', 'Vanuatu']"
783,,783,"['Mongolia', 'El Salvador', 'Philippines', 'Suriname', 'Kenya']"
784,,784,"['Oman', 'Canada', 'Cabo Verde']"
785,,785,"['India', 'Slovenia', 'Cuba', 'Sri Lanka', 'Costa Rica']"
786,,786,"['Indonesia', 'Venezuela', 'Haiti']"
787,,787,"['Kenya', 'Iceland', 'Djibouti']"
788,,788,"['Tunisia', 'Moldova']"
789,,789,"['Benin', 'Saudi Arabia', 'Madagascar', 'Argentina', 'Zimbabwe']"
790,,790,"['Papua New Guinea', 'Solomon Islands', 'Malaysia', 'Latvia']"
791,,791,"['Comoros', 'Spain']"
792,,792,"['Haiti', 'Suriname']"
793,,793,"['Russia', 'Antigua and Barbuda', 'Venezuela', 'North Macedonia', 'Guatemala']"
794,,794,"['Comoros', 'Luxembourg', 'Brazil', 'Angola']"
795,,795,"['Ecuador', 'Andorra', 'Romania']"
796,,796,"['Dominica', 'Gabon', 'Grenada', 'Tajikistan', 'Jordan']"
797,,797,['Bolivia']
798,,798,"['Myanmar (Burma)', 'Belgium']"
799,,799,"['Malta', 'Iceland', 'Korea, North']"
800,,800,['Algeria']
801,,801,"['Peru', 'Afghanistan', 'Iceland', 'Costa Rica']"
802,,802,"['Saint Vincent and the Grenadines', 'Jordan', 'Burundi', 'Malta']"
803,,803,"['Spain', 'Portugal', 'Ukraine', 'New Zealand']"
804,,804,"['San Marino', 'Saint Kitts and Nevis', 'North Macedonia']"
805,,805,"['Seychelles', 'Micronesia, Federated States of', 'Madagascar']"
806,,806,"['China', 'Qatar']"
807,,807,"['Spain', 'Yemen', 'United Arab Emirates', 'Lebanon', 'Rwanda']"
808,,808,"['Belgium', 'Djibouti', 'Jamaica', 'San Marino', 'Egypt']"
809,,809,"['Cabo Verde', 'Malta', 'United Arab Emirates', 'Korea, South', 'Uruguay']"
810,,810,"['Chile', 'Jamaica', 'Spain', 'Poland']"
811,,811,"['Austria', 'Chile', 'Argentina', 'Seychelles']"
812,,812,"['Sweden', 'Bangladesh', 'East Timor (Timor-Leste)', 'Mongolia']"
813,,813,"['Qatar', 'Niger', 'Panama', 'Lebanon', 'Bosnia and Herzegovina']"
814,,814,"['Seychelles', 'Afghanistan', 'Luxembourg', 'Maldives', 'Korea, North']"
815,,815,"['Uganda', 'Honduras', 'Armenia']"
816,,816,"['Mozambique', 'Vietnam', 'Uruguay', 'Ghana', 'Germany']"
817,,817,"['Chad', 'Moldova']"
818,,818,"['Guyana', 'Zimbabwe', 'Paraguay', 'Kazakhstan']"
819,,819,"['Seychelles', 'Austria', 'Lesotho']"
820,,820,"['Poland', 'Canada', 'Mexico', 'East Timor (Timor-Leste)']"
821,,821,"['Saint Vincent and the Grenadines', 'Sudan, South', 'Suriname', 'Korea, South', 'Denmark']"
822,,822,"['Kuwait', 'Congo, Democratic Republic of the']"
823,,823,"['Ecuador', 'Mexico', 'Argentina']"
824,,824,"['United Arab Emirates', 'Brunei']"
825,,825,"['Mali', 'Brazil', 'Equatorial Guinea']"
826,,826,"['Norway', 'Ireland', 'Somalia']"
827,,827,"['Albania', 'Belarus', 'Uruguay']"
828,,828,['Lebanon']
829,,829,"['Cyprus', 'Grenada', 'Czech Republic', 'Monaco']"
830,,830,"['Libya', 'Serbia', 'Bulgaria', 'United States', 'Rwanda']"
831,,831,"['Micronesia, Federated States of']"
832,,832,"['Djibouti', 'Madagascar', 'Pakistan', 'North Macedonia']"
833,,833,['Saint Lucia']
834,,834,"['Romania', 'Turkey', 'Tuvalu', 'Serbia', 'Maldives']"
835,,835,"['Gabon', 'El Salvador', 'Liberia']"
836,,836,"['Kyrgyzstan', 'Luxembourg', 'Paraguay', 'Panama', 'Guinea']"
837,,837,['Côte d’Ivoire']
838,,838,['Lesotho']
839,,839,"['Moldova', 'France']"
840,,840,['Chile']
841,,841,"['Cameroon', 'Hungary', 'Madagascar']"
842,,842,['Ecuador']
843,,843,"['Mauritius', 'Ireland', 'Jamaica', 'Nicaragua']"
844,,844,['Ethiopia']
845,,845,"['Afghanistan', 'Qatar', 'Jamaica', 'Greece']"
846,,846,"['Kiribati', 'Belize']"
847,,847,['Austria']
848,,848,"['Kiribati', 'Ghana', 'Greece']"
849,,849,"['Benin', 'Central African Republic', 'Denmark', 'Suriname']"
850,,850,['Uzbekistan']
851,,851,"['Albania', 'Maldives', 'Armenia', 'South Africa']"
852,,852,"['Namibia', 'Costa Rica', 'Cambodia']"
853,,853,"['Japan', 'India', 'Nicaragua']"
854,,854,"['Kenya', 'Kosovo', 'Antigua and Barbuda']"
855,,855,"['Luxembourg', 'El Salvador']"
856,,856,"['Greece', 'Mauritania']"
857,,857,['Dominica']
858,,858,"['Madagascar', 'Bulgaria', 'Namibia', 'Somalia', 'Cyprus']"
859,,859,"['United States', 'Vietnam']"
860,,860,"['Brunei', 'Saint Vincent and the Grenadines', 'Lithuania']"
861,,861,"['Ecuador', 'Peru', 'Mauritania']"
862,,862,['Ethiopia']
863,,863,['Libya']
864,,864,"['Georgia', 'Netherlands']"
865,,865,"['Latvia', 'Netherlands']"
866,,866,"['Barbados', 'Albania', 'Turkey', 'Portugal', 'Iraq']"
867,,867,"['Malawi', 'Mauritania', 'Senegal']"
868,,868,"['China', 'Liberia', 'Chad', 'Somalia', 'Serbia']"
869,,869,"['New Zealand', 'Kazakhstan', 'Malawi', 'Tuvalu', 'Hungary']"
870,,870,"['North Macedonia', 'Latvia']"
871,,871,"['Cabo Verde', 'Dominica']"
872,,872,['Djibouti']
873,,873,['Tuvalu']
874,,874,['Switzerland']
875,,875,"['Norway', 'Korea, South', 'Croatia']"
876,,876,"['Portugal', 'Syria', 'Iraq']"
877,,877,['Norway']
878,,878,"['France', 'Marshall Islands', 'Yemen', 'Austria']"
879,,879,['Mauritius']
880,,880,"['Estonia', 'Vietnam']"
881,,881,"['Moldova', 'Côte d’Ivoire']"
882,,882,['Slovakia']
883,,883,"['Sweden', 'Congo, Democratic Republic of the', 'Uzbekistan']"
884,,884,"['Lesotho', 'Mexico', 'Guatemala']"
885,,885,"['Barbados', 'San Marino']"
886,,886,"['Russia', 'Maldives', 'Yemen']"
887,,887,['Thailand']
888,,888,"['Saint Kitts and Nevis', 'Tuvalu', 'Costa Rica', 'Spain']"
889,,889,"['Belgium', 'Namibia', 'Comoros']"
890,,890,"['Guyana', 'Moldova', 'Sweden', 'Sao Tome and Principe', 'Grenada']"
891,,891,"['Armenia', 'Haiti', 'Trinidad and Tobago', 'Belgium']"
892,,892,"['Indonesia', 'Mozambique']"
893,,893,"['Russia', 'Switzerland']"
894,,894,"['Tunisia', 'Moldova', 'Antigua and Barbuda']"
895,,895,"['Belgium', 'Bulgaria', 'Armenia', 'Estonia']"
896,,896,"['Canada', 'Mauritius', 'Japan']"
897,,897,"['Yemen', 'Luxembourg', 'Greece', 'Belgium']"
898,,898,"['Indonesia', 'Sierra Leone']"
899,,899,['Costa Rica']
900,,900,"['Bhutan', 'Lebanon', 'Montenegro', 'Nicaragua', 'Colombia']"
901,,901,"['Croatia', 'Saudi Arabia', 'Central African Republic', 'Iraq']"
902,,902,"['Luxembourg', 'North Macedonia', 'Finland', 'Sudan, South']"
903,,903,"['Singapore', 'Germany', 'Austria', 'Slovakia', 'Nicaragua']"
904,,904,"['Portugal', 'Congo, Republic of the', 'Tunisia', 'Ukraine', 'Jamaica']"
905,,905,"['Congo, Democratic Republic of the', 'India', 'Nicaragua', 'Ecuador']"
906,,906,"['Brunei', 'Italy', 'Bolivia', 'Palau']"
907,,907,"['Italy', 'Trinidad and Tobago', 'Mongolia', 'Cameroon']"
908,,908,"['Morocco', 'Uzbekistan', 'Nepal']"
909,,909,['Sudan']
910,,910,"['Andorra', 'Senegal', 'Sierra Leone', 'Tuvalu']"
911,,911,"['Albania', 'Saint Lucia', 'Oman']"
912,,912,['Lithuania']
913,,913,"['Eritrea', 'United Kingdom', 'Vatican City', 'Albania']"
914,,914,"['Kenya', 'Nigeria']"
915,,915,['Bhutan']
916,,916,"['Algeria', 'New Zealand']"
917,,917,"['Jamaica', 'Iceland', 'Thailand', 'Spain', 'Slovakia']"
918,,918,"['Senegal', 'Zimbabwe', 'Bulgaria', 'Taiwan']"
919,,919,"['Slovakia', 'Tunisia', 'Syria']"
920,,920,"['Cabo Verde', 'Djibouti', 'Iraq']"
921,,921,"['Liberia', 'East Timor (Timor-Leste)', 'Nicaragua']"
922,,922,"['Angola', 'Poland', 'Iran', 'Mauritius', 'Belize']"
923,,923,"['Denmark', 'Bulgaria', 'Togo', 'North Macedonia', 'Seychelles']"
924,,924,['Kuwait']
925,,925,"['Mexico', 'Ghana', 'Nicaragua']"
926,,926,['Lesotho']
927,,927,['Gabon']
928,,928,"['United Kingdom', 'Samoa', 'Pakistan']"
929,,929,"['Belarus', 'Brunei']"
930,,930,"['Poland', 'Tanzania', 'Latvia', 'Brazil']"
931,,931,"['Estonia', 'Iraq', 'United States', 'Qatar']"
932,,932,['Peru']
933,,933,"['Argentina', 'Romania']"
934,,934,"['Kazakhstan', 'Guinea-Bissau', 'Honduras', 'United Kingdom', 'Guatemala']"
935,,935,['Suriname']
936,,936,['Turkey']
937,,937,"['Poland', 'Belgium', 'Slovakia', 'Canada']"
938,,938,['Botswana']
939,,939,"['Burundi', 'Ghana', 'Indonesia']"
940,,940,"['Jordan', 'Botswana', 'Colombia', 'Sri Lanka', 'Luxembourg']"
941,,941,"['Uzbekistan', 'Solomon Islands', 'Belize', 'Brazil', 'Grenada']"
942,,942,"['Qatar', 'Kuwait', 'Switzerland', 'New Zealand', 'Italy']"
943,,943,"['Malawi', 'Colombia', 'South Africa', 'Spain', 'Kenya']"
944,,944,"['Serbia', 'Guinea-Bissau', 'Kyrgyzstan']"
945,,945,"['Moldova', 'Dominica', 'Azerbaijan', 'The Gambia']"
946,,946,"['Marshall Islands', 'Liberia']"
947,,947,"['Ecuador', 'Slovenia', 'Djibouti', 'Gabon', 'Turkey']"
948,,948,"['Equatorial Guinea', 'Iraq', 'Benin', 'Marshall Islands', 'Greece']"
949,,949,"['Bangladesh', 'Cuba']"
950,,950,['Bahrain']
951,,951,"['Sweden', 'Saint Lucia', 'Congo, Republic of the', 'Tajikistan']"
952,,952,"['Kazakhstan', 'Brazil', 'Mongolia']"
953,,953,"['Sri Lanka', 'El Salvador']"
954,,954,"['Greece', 'Mexico', 'Burkina Faso', 'Venezuela', 'Albania']"
955,,955,"['Rwanda', 'Costa Rica', 'Antigua and Barbuda', 'Panama']"
956,,956,"['Latvia', 'Pakistan']"
957,,957,['Czech Republic']
958,,958,"['Andorra', 'Dominica', 'Congo, Democratic Republic of the', 'Cyprus', 'Côte d’Ivoire']"
959,,959,"['Korea, South']"
960,,960,"['Cameroon', 'Mongolia', 'Syria']"
961,,961,"['Trinidad and Tobago', 'Russia', 'Brazil', 'Tunisia', 'Cambodia']"
962,,962,"['Paraguay', 'Vanuatu', 'Saint Lucia', 'Liberia']"
963,,963,"['Tajikistan', 'Barbados']"
964,,964,"['Zambia', 'Guyana', 'Botswana', 'Dominica', 'Angola']"
965,,965,"['Thailand', 'Congo, Democratic Republic of the', 'Czech Republic', 'Sierra Leone']"
966,,966,"['Malta', 'Belize', 'Bolivia', 'Moldova', 'Turkey']"
967,,967,"['Myanmar (Burma)', 'Burkina Faso', 'Azerbaijan', 'New Zealand', 'Mauritius']"
968,,968,"['Namibia', 'Thailand']"
969,,969,"['Bangladesh', 'Egypt', 'The Bahamas', 'Côte d’Ivoire']"
970,,970,"['Zambia', 'Montenegro', 'Kazakhstan']"
971,,971,"['Grenada', 'Afghanistan', 'Syria', 'Eritrea', 'Lesotho']"
972,,972,"['Austria', 'Vietnam', 'Sweden', 'Armenia', 'China']"
973,,973,['Gabon']
974,,974,"['Georgia', 'El Salvador', 'Korea, North']"
975,,975,"['Montenegro', 'Papua New Guinea', 'Indonesia']"
976,,976,"['Seychelles', 'Estonia']"
977,,977,"['Barbados', 'Paraguay', 'El Salvador', 'Angola', 'Luxembourg']"
978,,978,"['Tanzania', 'Saint Vincent and the Grenadines', 'Dominican Republic']"
979,,979,"['Nauru', 'Croatia']"
980,,980,"['Honduras', 'Namibia', 'India', 'San Marino', 'Venezuela']"
981,,981,"['Denmark', 'Ukraine', 'Saudi Arabia']"
982,,982,"['Liberia', 'Syria']"
983,,983,"['Cabo Verde', 'Zambia']"
984,,984,"['India', 'Latvia', 'Suriname', 'New Zealand', 'Burundi']"
985,,985,"['Kuwait', 'Mozambique', 'Venezuela', 'Lesotho']"
986,,986,"['Malta', 'Switzerland', 'Mali', 'Panama', 'Burundi']"
987,,987,"['Kenya', 'Lesotho', 'Vietnam']"
988,,988,"['Mozambique', 'Sierra Leone', 'Taiwan', 'Korea, North']"
989,,989,['Albania']
990,,990,"['Singapore', 'Malawi', 'Niger', 'Nepal']"
991,,991,"['Congo, Democratic Republic of the', 'Yemen', 'Romania']"
992,,992,"['Jordan', 'Barbados', 'Sao Tome and Principe']"
993,,993,"['Portugal', 'Korea, South', 'Honduras', 'Micronesia, Federated States of']"
994,,994,['Turkey']
995,,995,"['Thailand', 'Armenia', 'Micronesia, Federated States of', 'Equatorial Guinea']"
996,,996,"['France', 'Ghana', 'Syria', 'Cameroon']"
997,,997,"['Turkmenistan', 'Fiji', 'Venezuela']"
998,,998,"['Denmark', 'Nicaragua', 'Honduras', 'Belize', 'Oman']"
999,,999,"['Comoros', 'Cabo Verde']"
1000,,1000,"['Belize', 'Hungary', 'Venezuela', 'Liechtenstein', 'Kenya']"
1001,1,,"['Guinea-Bissau', 'Belarus', 'Guinea', 'Eswatini', 'Rwanda']"
1002,2,,['Dominican Republic']
1003,3,,"['Ghana', 'Turkmenistan']"
1004,4,,['Tunisia']
1005,5,,"['Somalia', 'Comoros', 'Congo, Democratic Republic of the', 'Panama', 'Switzerland']"
1006,6,,"['North Macedonia', 'Oman', 'Montenegro', 'Mexico']"
1007,7,,"['Tonga', 'Monaco', 'Botswana', 'Mauritania', 'Pakistan']"
1008,8,,['Belize']
1009,9,,"['Kazakhstan', 'Samoa', 'Iran', 'Guyana']"
1010,10,,"['Vietnam', 'Kenya', 'Lesotho', 'Mali']"
1011,11,,"['Côte d’Ivoire', 'Tajikistan', 'Sao Tome and Principe', 'The Bahamas']"
1012,12,,"['Qatar', 'Kenya', 'India']"
1013,13,,"['Palau', 'Russia', 'Belgium', 'Marshall Islands']"
1014,14,,"['Bolivia', 'Papua New Guinea']"
1015,15,,"['Qatar', 'Argentina', 'Zimbabwe', 'Kazakhstan', 'Malta']"
1016,16,,['Solomon Islands']
1017,17,,"['United States', 'Saint Lucia', 'Kyrgyzstan']"
1018,18,,"['Solomon Islands', 'Estonia']"
1019,19,,['Cuba']
1020,20,,"['Qatar', 'Panama']"
1021,21,,"['Somalia', 'Japan']"
1022,22,,"['Sweden', 'Peru', 'Belize', 'Maldives']"
1023,23,,"['United Arab Emirates', 'Trinidad and Tobago']"
1024,24,,"['Morocco', 'Bangladesh', 'Azerbaijan']"
1025,25,,['Netherlands']
1026,26,,"['Samoa', 'Nauru', 'Hungary', 'Madagascar', 'Comoros']"
1027,27,,['Turkmenistan']
1028,28,,"['Yemen', 'Sierra Leone']"
1029,29,,['Guinea-Bissau']
1030,30,,"['Slovakia', 'Belarus', 'Kazakhstan', 'Mozambique', 'Tonga']"
1031,31,,"['Czech Republic', 'Cambodia', 'Dominican Republic', 'Mongolia', 'Estonia']"
1032,32,,['Philippines']
1033,33,,['France']
1034,34,,"['Kazakhstan', 'Guinea', 'Romania']"
1035,35,,"['Dominican Republic', 'Sudan', 'Latvia']"
1036,36,,"['Estonia', 'Botswana']"
1037,37,,"['Czech Republic', 'Uganda', 'Vanuatu']"
1038,38,,['Qatar']
1039,39,,['Chile']
1040,40,,['Finland']
1041,41,,"['Nicaragua', 'Kosovo', 'Angola', 'Dominican Republic', 'Turkmenistan']"
1042,42,,"['Czech Republic', 'Egypt']"
1043,43,,"['Mongolia', 'Congo, Republic of the', 'Namibia', 'Italy', 'Papua New Guinea']"
1044,44,,"['Russia', 'Palau']"
1045,45,,['Hungary']
1046,46,,"['Bangladesh', 'United States', 'Argentina', 'Vatican City', 'Paraguay']"
1047,47,,"['Burkina Faso', 'South Africa', 'Sudan, South']"
1048,48,,"['Afghanistan', 'San Marino']"
1049,49,,"['Kazakhstan', 'Kenya', 'Malawi', 'Sierra Leone']"
1050,50,,"['Bulgaria', 'Russia', 'Togo', 'Bahrain']"
1051,51,,"['San Marino', 'Georgia', 'Canada', 'Kiribati']"
1052,52,,"['Saint Lucia', 'Spain', 'Ecuador', 'Luxembourg', 'Saint Kitts and Nevis']"
1053,53,,"['Venezuela', 'Dominican Republic', 'Cameroon']"
1054,54,,['Botswana']
1055,55,,"['Bosnia and Herzegovina', 'Indonesia', 'Cambodia', 'Russia', 'Grenada']"
1056,56,,"['Turkey', 'Somalia', 'Bulgaria', 'China', 'Saudi Arabia']"
1057,57,,"['Tajikistan', 'Kosovo', 'Tanzania']"
1058,58,,['Tuvalu']
1059,59,,"['Sweden', 'Ukraine', 'Guinea-Bissau', 'Austria']"
1060,60,,"['Poland', 'Côte d’Ivoire']"
1061,61,,"['Eswatini', 'Sudan']"
1062,62,,"['Congo, Democratic Republic of the', 'Uruguay', 'Vietnam', 'Angola', 'Iran']"
1063,63,,['Maldives']
1064,64,,"['Nepal', 'Jamaica']"
1065,65,,"['India', 'Barbados', 'Turkmenistan', 'Bolivia']"
1066,66,,"['Sweden', 'New Zealand', 'Côte d’Ivoire']"
1067,67,,"['Korea, South']"
1068,68,,"['Singapore', 'Vanuatu', 'Burundi', 'Philippines']"
1069,69,,['Somalia']
1070,70,,"['Côte d’Ivoire', 'Taiwan', 'France']"
1071,71,,"['Botswana', 'Sri Lanka', 'Micronesia, Federated States of']"
1072,72,,"['Suriname', 'Niger', 'Guatemala']"
1073,73,,"['Bangladesh', 'Argentina', 'Cambodia', 'North Macedonia', 'Guinea-Bissau']"
1074,74,,['Burkina Faso']
1075,75,,"['Cabo Verde', 'Madagascar']"
1076,76,,"['Armenia', 'Benin', 'Nauru']"
1077,77,,"['Bosnia and Herzegovina', 'Singapore', 'Cyprus', 'Marshall Islands', 'Cameroon']"
1078,78,,['Seychelles']
1079,79,,"['Nigeria', 'Norway', 'Niger', 'Montenegro']"
1080,80,,"['Lesotho', 'Switzerland', 'Afghanistan']"
1081,81,,"['Saint Vincent and the Grenadines', 'Zambia', 'Suriname', 'Bulgaria']"
1082,82,,"['Mexico', 'Maldives', 'Montenegro', 'Korea, North']"
1083,83,,"['Guinea-Bissau', 'Kazakhstan']"
1084,84,,"['Cuba', 'Slovakia']"
1085,85,,"['Ghana', 'Chad', 'Malta', 'Slovakia']"
1086,86,,"['Japan', 'Nicaragua', 'New Zealand', 'Uganda']"
1087,87,,"['Sudan, South', 'Dominica']"
1088,88,,"['Egypt', 'Korea, South', 'Congo, Republic of the']"
1089,89,,"['Greece', 'Netherlands', 'Saint Vincent and the Grenadines']"
1090,90,,"['Luxembourg', 'Serbia', 'Bangladesh', 'Monaco', 'Malawi']"
1091,91,,"['Mexico', 'Chad', 'Zimbabwe', 'Congo, Democratic Republic of the', 'Morocco']"
1092,92,,"['Djibouti', 'Turkmenistan', 'Nicaragua', 'Sudan']"
1093,93,,"['Bulgaria', 'El Salvador', 'Iceland', 'Brazil', 'Singapore']"
1094,94,,['Bolivia']
1095,95,,"['Cuba', 'Maldives']"
1096,96,,"['Liechtenstein', 'Cuba', 'Central African Republic', 'Paraguay', 'Sao Tome and Principe']"
1097,97,,"['Cyprus', 'Estonia', 'Haiti', 'Brazil', 'Libya']"
1098,98,,"['Germany', 'Egypt', 'Laos']"
1099,99,,['Botswana']
1100,100,,"['Netherlands', 'Switzerland']"
1101,101,,"['Vietnam', 'Georgia', 'Zimbabwe']"
1102,102,,['Sao Tome and Principe']
1103,103,,"['Iran', 'Gabon']"
1104,104,,"['Mauritius', 'Gabon', 'Austria']"
1105,105,,"['Canada', 'Nepal']"
1106,106,,"['Cabo Verde', 'San Marino']"
1107,107,,"['Saint Kitts and Nevis', 'The Bahamas']"
1108,108,,"['Andorra', 'Belize', 'Libya']"
1109,109,,"['Myanmar (Burma)', 'East Timor (Timor-Leste)', 'Guatemala']"
1110,110,,['Malaysia']
1111,111,,"['Central African Republic', 'Romania']"
1112,112,,"['Andorra', 'Indonesia', 'Iceland', 'Saint Vincent and the Grenadines', 'Bosnia and Herzegovina']"
1113,113,,"['United Arab Emirates', 'Hungary', 'Brunei', 'Saudi Arabia', 'Ethiopia']"
1114,114,,"['Vatican City', 'Iraq', 'Guinea-Bissau']"
1115,115,,"['Denmark', 'Lesotho', 'China', 'Saint Lucia']"
1116,116,,"['India', 'Tanzania', 'Italy', 'Guatemala']"
1117,117,,"['Iran', 'Hungary', 'Uruguay', 'Tanzania']"
1118,118,,['Kiribati']
1119,119,,"['Estonia', 'Venezuela', 'Jamaica', 'Panama', 'Malawi']"
1120,120,,"['Guatemala', 'Marshall Islands', 'Jamaica', 'Bangladesh', 'Russia']"
1121,121,,"['The Bahamas', 'Argentina']"
1122,122,,"['Russia', 'Kosovo']"
1123,123,,"['Vatican City', 'Mauritius', 'Argentina', 'Marshall Islands', 'Tuvalu']"
1124,124,,"['Tunisia', 'Venezuela', 'Bosnia and Herzegovina', 'Congo, Democratic Republic of the', 'Iraq']"
1125,125,,"['Benin', 'Korea, North']"
1126,126,,"['Rwanda', 'Côte d’Ivoire']"
1127,127,,"['Burundi', 'Hungary', 'Benin', 'Serbia']"
1128,128,,"['Zimbabwe', 'East Timor (Timor-Leste)', 'Belize', 'Venezuela']"
1129,129,,"['Samoa', 'Grenada', 'Peru']"
1130,130,,"['Ghana', 'Solomon Islands', 'Somalia']"
1131,131,,"['Romania', 'South Africa', 'Vietnam']"
1132,132,,['Trinidad and Tobago']
1133,133,,"['Mongolia', 'Norway']"
1134,134,,"['Paraguay', 'Saint Lucia', 'Korea, South', 'Austria']"
1135,135,,['Kenya']
1136,136,,"['Congo, Republic of the']"
1137,137,,"['Albania', 'Montenegro', 'Mozambique', 'Spain']"
1138,138,,['Belize']
1139,139,,"['Honduras', 'Russia']"
1140,140,,['Greece']
1141,141,,"['Azerbaijan', 'South Africa', 'Thailand', 'Bangladesh', 'Netherlands']"
1142,142,,['Guinea-Bissau']
1143,143,,"['Liberia', 'Saint Lucia', 'Senegal', 'China', 'France']"
1144,144,,"['Uzbekistan', 'The Gambia', 'Cuba', 'Bangladesh', 'Grenada']"
1145,145,,['Kenya']
1146,146,,['Georgia']
1147,147,,"['Colombia', 'Bangladesh', 'New Zealand', 'Brazil']"
1148,148,,"['Slovenia', 'Switzerland', 'Afghanistan', 'Syria', 'China']"
1149,149,,"['Bhutan', 'Suriname', 'Sri Lanka', 'Czech Republic']"
1150,150,,"['Ghana', 'Argentina']"
1151,151,,['Norway']
1152,152,,"['El Salvador', 'Togo', 'Namibia', 'Chile']"
1153,153,,"['Cyprus', 'India', 'Grenada', 'France']"
1154,154,,"['United Kingdom', 'Bolivia', 'Australia', 'Portugal', 'Syria']"
1155,155,,['Liberia']
1156,156,,"['Malawi', 'Belize', 'Libya', 'Korea, South', 'Madagascar']"
1157,157,,['Ghana']
1158,158,,"['Monaco', 'Kenya', 'Sri Lanka']"
1159,159,,"['Georgia', 'Jamaica']"
1160,160,,"['Bulgaria', 'Slovenia', 'Libya', 'The Bahamas']"
1161,161,,"['Sierra Leone', 'Honduras', 'North Macedonia', 'Canada']"
1162,162,,"['Switzerland', 'Kiribati', 'United Arab Emirates', 'Australia']"
1163,163,,"['Mauritania', 'Eswatini']"
1164,164,,"['Portugal', 'Qatar', 'Georgia', 'Austria', 'Sri Lanka']"
1165,165,,"['United Kingdom', 'Nepal', 'Malawi', 'Bolivia']"
1166,166,,"['Azerbaijan', 'Jamaica', 'Sudan', 'Yemen', 'Cabo Verde']"
1167,167,,"['Liberia', 'Ukraine', 'Pakistan', 'Micronesia, Federated States of', 'Gabon']"
1168,168,,"['Jamaica', 'Cabo Verde']"
1169,169,,"['Saint Vincent and the Grenadines', 'Bosnia and Herzegovina', 'Sudan']"
1170,170,,"['Turkey', 'Solomon Islands']"
1171,171,,"['The Bahamas', 'San Marino', 'Congo, Democratic Republic of the', 'Spain']"
1172,172,,"['Iraq', 'Chile']"
1173,173,,"['Korea, North', 'Samoa', 'Kyrgyzstan', 'Senegal']"
1174,174,,"['Ukraine', 'Burkina Faso', 'Indonesia', 'United Arab Emirates']"
1175,175,,"['Cabo Verde', 'East Timor (Timor-Leste)', 'Suriname', 'Saudi Arabia', 'Senegal']"
1176,176,,['Sao Tome and Principe']
1177,177,,"['Belgium', 'Andorra', 'Sudan', 'India', 'Sri Lanka']"
1178,178,,"['Pakistan', 'Belize', 'China', 'Solomon Islands', 'Italy']"
1179,179,,"['Fiji', 'Egypt', 'Iraq', 'Nauru', 'Colombia']"
1180,180,,"['Jamaica', 'Cuba', 'Yemen']"
1181,181,,"['Denmark', 'Malawi']"
1182,182,,['Monaco']
1183,183,,"['Maldives', 'Congo, Democratic Republic of the', 'Guinea']"
1184,184,,['Suriname']
1185,185,,"['Luxembourg', 'Argentina', 'Malawi']"
1186,186,,"['Thailand', 'Slovakia', 'Comoros', 'Zambia', 'Papua New Guinea']"
1187,187,,"['Qatar', 'Jordan']"
1188,188,,['Ukraine']
1189,189,,['Ghana']
1190,190,,['Libya']
1191,191,,"['Bulgaria', 'Korea, South', 'Czech Republic', 'Argentina']"
1192,192,,"['Benin', 'Estonia']"
1193,193,,"['Ghana', 'El Salvador', 'Kyrgyzstan', 'Seychelles']"
1194,194,,"['Laos', 'Sudan', 'Zimbabwe', 'Montenegro', 'Namibia']"
1195,195,,"['United Kingdom', 'Seychelles', 'Korea, North']"
1196,196,,"['Mozambique', 'Maldives', 'Tunisia', 'Tuvalu']"
1197,197,,"['Egypt', 'Saudi Arabia', 'Canada', 'Congo, Democratic Republic of the']"
1198,198,,"['Finland', 'Yemen', 'Madagascar', 'Nepal']"
1199,199,,"['Central African Republic', 'Brazil', 'China', 'Chad', 'Sudan, South']"
1200,200,,"['Bolivia', 'Luxembourg', 'Liberia', 'Tajikistan', 'Ukraine']"
1201,201,,"['Kenya', 'East Timor (Timor-Leste)', 'Micronesia, Federated States of']"
1202,202,,"['Greece', 'Serbia']"
1203,203,,"['Slovakia', 'Kosovo']"
1204,204,,"['Netherlands', 'Kiribati', 'Qatar']"
1205,205,,"['Japan', 'Bangladesh', 'Dominican Republic', 'Trinidad and Tobago', 'Mozambique']"
1206,206,,"['Benin', 'Croatia', 'Fiji', 'Austria', 'Paraguay']"
1207,207,,['Cuba']
1208,208,,"['Nicaragua', 'Trinidad and Tobago']"
1209,209,,"['South Africa', 'Central African Republic']"
1210,210,,"['Grenada', 'Costa Rica', 'Finland', 'Spain']"
1211,211,,"['Panama', 'Iceland', 'Yemen']"
1212,212,,"['Palau', 'Germany']"
1213,213,,['Togo']
1214,214,,"['Dominican Republic', 'Sweden', 'Saint Kitts and Nevis', 'Syria', 'Eswatini']"
1215,215,,"['Iran', 'Panama', 'Sri Lanka']"
1216,216,,"['Korea, South', 'Philippines']"
1217,217,,"['Algeria', 'Honduras', 'Saint Vincent and the Grenadines']"
1218,218,,['Ukraine']
1219,219,,"['Niger', 'Romania']"
1220,220,,['Croatia']
1221,221,,"['Finland', 'Russia', 'Cyprus', 'Liberia', 'Cameroon']"
1222,222,,['United Arab Emirates']
1223,223,,"['Namibia', 'Tanzania', 'Sudan']"
1224,224,,"['Argentina', 'Solomon Islands', 'Switzerland', 'Benin']"
1225,225,,"['Albania', 'Ecuador', 'Belgium', 'Brunei']"
1226,226,,['Equatorial Guinea']
1227,227,,"['Sri Lanka', 'Saudi Arabia', 'United States']"
1228,228,,"['Grenada', 'Micronesia, Federated States of', 'The Gambia']"
1229,229,,"['Chad', 'Sudan, South']"
1230,230,,"['Guyana', 'Saint Vincent and the Grenadines']"
1231,231,,"['Saint Lucia', 'Ireland']"
1232,232,,"['Bolivia', 'Congo, Democratic Republic of the', 'Greece', 'Bangladesh']"
1233,233,,"['Korea, North', 'Cabo Verde', 'Laos']"
1234,234,,"['The Bahamas', 'Ecuador', 'Djibouti', 'Congo, Republic of the']"
1235,235,,"['Venezuela', 'Mongolia', 'Tanzania']"
1236,236,,"['Morocco', 'Mauritius', 'Poland']"
1237,237,,"['Congo, Democratic Republic of the', 'Chile', 'Venezuela']"
1238,238,,['Kyrgyzstan']
1239,239,,"['Niger', 'Ireland', 'United Arab Emirates']"
1240,240,,['Cuba']
1241,241,,"['Jordan', 'Tonga', 'Saudi Arabia', 'Angola']"
1242,242,,"['Bosnia and Herzegovina', 'Malaysia']"
1243,243,,"['Haiti', 'Qatar']"
1244,244,,"['South Africa', 'Cyprus', 'Slovenia']"
1245,245,,"['Japan', 'Qatar']"
1246,246,,['Côte d’Ivoire']
1247,247,,"['France', 'Slovakia', 'Côte d’Ivoire', 'Sudan, South', 'Djibouti']"
1248,248,,"['Papua New Guinea', 'Rwanda', 'Uganda', 'Denmark', 'Kyrgyzstan']"
1249,249,,['Kazakhstan']
1250,250,,"['Botswana', 'Burkina Faso']"
1251,251,,['Switzerland']
1252,252,,"['Mongolia', 'Sri Lanka', 'Netherlands', 'Egypt']"
1253,253,,"['Mexico', 'Mali', 'Andorra', 'Hungary']"
1254,254,,"['Thailand', 'Indonesia', 'Ukraine', 'Angola']"
1255,255,,"['Turkey', 'Equatorial Guinea', 'Nicaragua', 'Jamaica']"
1256,256,,"['Tonga', 'Maldives', 'Ireland', 'United Arab Emirates']"
1257,257,,"['Comoros', 'Switzerland', 'Micronesia, Federated States of']"
1258,258,,['Côte d’Ivoire']
1259,259,,"['Afghanistan', 'Burundi']"
1260,260,,"['Marshall Islands', 'Zambia', 'Taiwan']"
1261,261,,"['Suriname', 'Indonesia', 'Montenegro', 'Lesotho']"
1262,262,,"['Côte d’Ivoire', 'Gabon', 'Madagascar']"
1263,263,,"['France', 'Sao Tome and Principe', 'Kosovo', 'Saint Kitts and Nevis']"
1264,264,,"['Croatia', 'Latvia', 'Kiribati', 'Eswatini', 'Comoros']"
1265,265,,"['Turkey', 'Bosnia and Herzegovina', 'Libya']"
1266,266,,"['Kiribati', 'Bahrain', 'Ecuador']"
1267,267,,"['Ireland', 'Belize', 'Hungary', 'Venezuela', 'Kosovo']"
1268,268,,"['Kuwait', 'Somalia']"
1269,269,,"['Antigua and Barbuda', 'South Africa', 'United States', 'Guinea', 'Ethiopia']"
1270,270,,"['Laos', 'Congo, Republic of the', 'Latvia', 'Niger', 'Vanuatu']"
1271,271,,"['Chad', 'Sierra Leone', 'Japan']"
1272,272,,"['Seychelles', 'Barbados', 'Vatican City', 'Guatemala']"
1273,273,,['Jordan']
1274,274,,"['Chad', 'Austria']"
1275,275,,"['Estonia', 'Kuwait']"
1276,276,,"['Micronesia, Federated States of', 'Algeria']"
1277,277,,"['Bangladesh', 'Sierra Leone', 'Turkmenistan', 'Côte d’Ivoire', 'Fiji']"
1278,278,,"['Tonga', 'Algeria', 'Myanmar (Burma)', 'Netherlands']"
1279,279,,"['Luxembourg', 'Uruguay', 'Saint Lucia', 'United Arab Emirates', 'Central African Republic']"
1280,280,,"['The Gambia', 'Cameroon', 'Saint Kitts and Nevis', 'Russia']"
1281,281,,"['Tuvalu', 'Botswana']"
1282,282,,"['Brazil', 'Pakistan', 'Chile', 'Japan']"
1283,283,,"['Kenya', 'Guatemala', 'Samoa', 'East Timor (Timor-Leste)']"
1284,284,,"['San Marino', 'Nigeria', 'Ukraine', 'Nauru', 'Moldova']"
1285,285,,"['Saint Vincent and the Grenadines', 'Peru', 'Malaysia', 'Kazakhstan', 'Trinidad and Tobago']"
1286,286,,"['Austria', 'Italy', 'Mexico', 'Egypt', 'Slovakia']"
1287,287,,"['Egypt', 'China', 'Yemen']"
1288,288,,"['Kuwait', 'Venezuela', 'Ireland', 'Lebanon', 'Eritrea']"
1289,289,,"['Syria', 'Mozambique', 'Bangladesh', 'Sweden', 'Croatia']"
1290,290,,['Trinidad and Tobago']
1291,291,,"['Tunisia', 'Chile', 'New Zealand']"
1292,292,,"['Libya', 'Malta', 'Burkina Faso', 'Ethiopia', 'Norway']"
1293,293,,['United States']
1294,294,,"['France', 'Lesotho', 'Lithuania']"
1295,295,,['Suriname']
1296,296,,['El Salvador']
1297,297,,"['Paraguay', 'Azerbaijan', 'United Kingdom', 'Denmark', 'Pakistan']"
1298,298,,"['Bahrain', 'Singapore']"
1299,299,,"['Cameroon', 'Lithuania', 'Czech Republic', 'Tunisia', 'Poland']"
1300,300,,"['Myanmar (Burma)', 'The Gambia', 'Djibouti']"
1301,301,,"['Tunisia', 'Colombia', 'Netherlands']"
1302,302,,"['Austria', 'Albania', 'Finland']"
1303,303,,['Côte d’Ivoire']
1304,304,,"['Haiti', 'Ecuador', 'Saint Vincent and the Grenadines', 'Sudan, South']"
1305,305,,"['Bhutan', 'Serbia', 'Tajikistan', 'Denmark']"
1306,306,,"['Norway', 'Ukraine']"
1307,307,,"['Montenegro', 'Switzerland', 'Sri Lanka', 'Central African Republic']"
1308,308,,"['Somalia', 'Algeria', 'Lebanon', 'Switzerland', 'Kazakhstan']"
1309,309,,"['Zambia', 'Equatorial Guinea', 'Tanzania', 'Kuwait', 'Qatar']"
1310,310,,"['Egypt', 'Kiribati', 'Maldives', 'Trinidad and Tobago']"
1311,311,,['Brunei']
1312,312,,"['Korea, South', 'Finland', 'Philippines', 'Iran', 'Laos']"
1313,313,,['China']
1314,314,,"['United Arab Emirates', 'Guyana']"
1315,315,,"['Kuwait', 'Argentina', 'Fiji', 'Tajikistan']"
1316,316,,['Chad']
1317,317,,"['Singapore', 'Jamaica', 'Sudan, South', 'Serbia', 'Togo']"
1318,318,,['United States']
1319,319,,"['Nigeria', 'Senegal', 'Belgium', 'Pakistan']"
1320,320,,"['Andorra', 'Dominican Republic', 'New Zealand']"
1321,321,,"['Guatemala', 'Singapore', 'Paraguay']"
1322,322,,"['Papua New Guinea', 'Uzbekistan']"
1323,323,,"['Austria', 'Singapore', 'Zambia']"
1324,324,,['Luxembourg']
1325,325,,"['Tajikistan', 'Burundi', 'Luxembourg', 'Serbia']"
1326,326,,['El Salvador']
1327,327,,"['Slovakia', 'Ireland']"
1328,328,,"['Libya', 'Djibouti']"
1329,329,,"['Azerbaijan', 'Turkey', 'Cyprus', 'Guatemala', 'Iceland']"
1330,330,,"['Panama', 'Jamaica', 'Côte d’Ivoire']"
1331,331,,"['Colombia', 'Luxembourg', 'Venezuela', 'Philippines', 'Bahrain']"
1332,332,,"['Peru', 'Grenada', 'Ireland', 'China']"
1333,333,,"['Italy', 'Mongolia', 'Portugal', 'Saudi Arabia', 'Latvia']"
1334,334,,"['Lebanon', 'Chile', 'Saudi Arabia']"
1335,335,,"['Bulgaria', 'Korea, South', 'Japan', 'Malawi', 'Australia']"
1336,336,,"['Sierra Leone', 'Saint Kitts and Nevis']"
1337,337,,"['Botswana', 'Kosovo', 'Dominica', 'Ireland', 'Antigua and Barbuda']"
1338,338,,"['Korea, South', 'Bolivia', 'United Arab Emirates', 'Nauru']"
1339,339,,"['Philippines', 'Paraguay', 'Solomon Islands', 'Eritrea', 'Tuvalu']"
1340,340,,"['Angola', 'Bhutan', 'South Africa', 'Solomon Islands', 'Rwanda']"
1341,341,,"['Ecuador', 'Saint Kitts and Nevis', 'Australia', 'The Gambia']"
1342,342,,"['Bosnia and Herzegovina', 'United Arab Emirates', 'Vietnam', 'Central African Republic']"
1343,343,,"['Marshall Islands', 'Zimbabwe', 'Greece', 'Comoros', 'Vanuatu']"
1344,344,,"['Mongolia', 'Malawi', 'Kenya', 'Ghana']"
1345,345,,"['Indonesia', 'Niger', 'Dominica', 'Cyprus', 'Papua New Guinea']"
1346,346,,"['Philippines', 'Tanzania']"
1347,347,,"['Cuba', 'Kuwait', 'Brunei', 'Thailand']"
1348,348,,"['Japan', 'Armenia', 'Belize', 'Sudan, South', 'Turkmenistan']"
1349,349,,"['Bahrain', 'Liberia', 'Myanmar (Burma)', 'Grenada', 'Pakistan']"
1350,350,,"['Nicaragua', 'Cuba', 'Benin', 'Madagascar']"
1351,351,,"['Iceland', 'Mali']"
1352,352,,"['India', 'Norway', 'Slovakia']"
1353,353,,"['Nigeria', 'Barbados', 'Austria']"
1354,354,,"['Germany', 'Congo, Democratic Republic of the']"
1355,355,,"['Hungary', 'Belize', 'Argentina', 'Sudan']"
1356,356,,"['Kosovo', 'Denmark', 'Jamaica', 'Syria']"
1357,357,,"['Algeria', 'Panama', 'Honduras', 'Equatorial Guinea']"
1358,358,,"['Bosnia and Herzegovina', 'France']"
1359,359,,"['Dominican Republic', 'Niger', 'Sierra Leone']"
1360,360,,['Burundi']
1361,361,,"['Latvia', 'Burundi', 'Zimbabwe']"
1362,362,,['Colombia']
1363,363,,['Colombia']
1364,364,,"['Jamaica', 'Singapore', 'Tunisia']"
1365,365,,"['Central African Republic', 'Bhutan', 'Seychelles']"
1366,366,,"['Cyprus', 'Botswana', 'Cameroon', 'Sudan', 'Qatar']"
1367,367,,"['United States', 'Slovakia']"
1368,368,,['Mongolia']
1369,369,,"['Tajikistan', 'Kosovo', 'Antigua and Barbuda', 'United States']"
1370,370,,['China']
1371,371,,"['Monaco', 'Ecuador']"
1372,372,,['Nepal']
1373,373,,"['Norway', 'Samoa', 'Oman', 'Malawi', 'Bulgaria']"
1374,374,,['Moldova']
1375,375,,"['The Bahamas', 'Yemen', 'Senegal', 'Sao Tome and Principe', 'Solomon Islands']"
1376,376,,"['Angola', 'Ghana', 'Comoros', 'Mauritania']"
1377,377,,"['Burkina Faso', 'Palau', 'Nigeria']"
1378,378,,"['Tonga', 'Uzbekistan', 'Brazil']"
1379,379,,"['Sri Lanka', 'Papua New Guinea']"
1380,380,,"['Seychelles', 'Mauritania', 'Monaco', 'Sierra Leone']"
1381,381,,"['Bulgaria', 'Eritrea', 'San Marino', 'Spain', 'Colombia']"
1382,382,,"['Côte d’Ivoire', 'Tuvalu']"
1383,383,,"['Barbados', 'Croatia', 'Guyana']"
1384,384,,"['Algeria', 'Portugal', 'Nigeria', 'Mexico']"
1385,385,,"['Barbados', 'Dominican Republic', 'Tuvalu']"
1386,386,,"['Montenegro', 'Taiwan', 'Uruguay', 'Sri Lanka', 'Nigeria']"
1387,387,,['Marshall Islands']
1388,388,,"['Tonga', 'Rwanda', 'Costa Rica', 'San Marino']"
1389,389,,['Somalia']
1390,390,,['Czech Republic']
1391,391,,"['Congo, Democratic Republic of the', 'India']"
1392,392,,"['Spain', 'Morocco', 'Bangladesh', 'Grenada']"
1393,393,,"['Argentina', 'Benin', 'Bahrain', 'Austria', 'Vatican City']"
1394,394,,"['Congo, Democratic Republic of the', 'Germany', 'Brunei']"
1395,395,,"['Eritrea', 'Mali', 'Croatia']"
1396,396,,"['Mongolia', 'South Africa', 'Philippines']"
1397,397,,"['Haiti', 'Kyrgyzstan']"
1398,398,,"['Mozambique', 'Afghanistan']"
1399,399,,"['Palau', 'Kazakhstan', 'Antigua and Barbuda']"
1400,400,,"['Germany', 'Niger', 'Kiribati', 'Argentina', 'Congo, Republic of the']"
1401,401,,"['Finland', 'Germany', 'Hungary', 'Iraq', 'Tajikistan']"
1402,402,,['Madagascar']
1403,403,,['Ethiopia']
1404,404,,"['Comoros', 'Kazakhstan', 'Saint Kitts and Nevis', 'Tunisia']"
1405,405,,"['Belgium', 'Egypt', 'Brunei']"
1406,406,,"['Mexico', 'Suriname', 'Philippines', 'Hungary', 'Malaysia']"
1407,407,,['Malaysia']
1408,408,,"['Cameroon', 'Poland']"
1409,409,,"['Malaysia', 'Greece', 'Belize', 'Lesotho']"
1410,410,,"['North Macedonia', 'Argentina', 'Zimbabwe', 'Ghana', 'Mongolia']"
1411,411,,"['Thailand', 'Haiti', 'Ecuador']"
1412,412,,['Malaysia']
1413,413,,['Papua New Guinea']
1414,414,,"['Barbados', 'Sierra Leone', 'Andorra']"
1415,415,,"['Croatia', 'Argentina', 'Vanuatu', 'Singapore', 'Lithuania']"
1416,416,,"['Slovakia', 'Fiji', 'Eritrea', 'Togo', 'Uganda']"
1417,417,,"['Sao Tome and Principe', 'Bhutan', 'Iraq']"
1418,418,,"['Saint Kitts and Nevis', 'Kiribati']"
1419,419,,['Barbados']
1420,420,,"['Laos', 'Kazakhstan', 'Australia']"
1421,421,,['Burundi']
1422,422,,"['Myanmar (Burma)', 'Brazil', 'Fiji', 'Costa Rica']"
1423,423,,"['Guatemala', 'Finland']"
1424,424,,"['Italy', 'United Arab Emirates', 'Slovakia', 'Algeria', 'Luxembourg']"
1425,425,,"['Hungary', 'Belize']"
1426,426,,"['Hungary', 'Dominica']"
1427,427,,"['Panama', 'Grenada', 'Monaco', 'Brazil']"
1428,428,,['The Gambia']
1429,429,,"['Denmark', 'Syria']"
1430,430,,"['Guyana', 'Greece', 'Iceland']"
1431,431,,"['Paraguay', 'Marshall Islands']"
1432,432,,"['Switzerland', 'United Arab Emirates', 'Netherlands', 'Kosovo']"
1433,433,,"['North Macedonia', 'Colombia', 'Peru', 'Sudan']"
1434,434,,"['Sri Lanka', 'Samoa', 'Mauritius', 'Slovakia']"
1435,435,,"['Haiti', 'Kazakhstan', 'Guinea', 'Finland']"
1436,436,,"['Peru', 'Vietnam']"
1437,437,,"['Mexico', 'Mongolia', 'Luxembourg', 'Ireland']"
1438,438,,"['Mozambique', 'Vietnam', 'Ukraine']"
1439,439,,"['Senegal', 'New Zealand']"
1440,440,,"['Luxembourg', 'Costa Rica', 'Micronesia, Federated States of', 'United Arab Emirates']"
1441,441,,"['Japan', 'United Kingdom', 'Romania', 'Papua New Guinea']"
1442,442,,"['Brunei', 'Vatican City']"
1443,443,,"['Russia', 'Nauru', 'The Bahamas', 'Austria', 'Saint Lucia']"
1444,444,,"['Seychelles', 'Niger', 'Djibouti']"
1445,445,,['Saint Lucia']
1446,446,,"['Germany', 'Algeria']"
1447,447,,"['Argentina', 'Saint Lucia', 'Tanzania', 'Serbia']"
1448,448,,"['Namibia', 'The Bahamas']"
1449,449,,"['Nicaragua', 'Gabon', 'Saint Vincent and the Grenadines', 'Sri Lanka']"
1450,450,,['Bhutan']
1451,451,,['Angola']
1452,452,,"['Costa Rica', 'Botswana', 'Switzerland', 'El Salvador']"
1453,453,,"['Sweden', 'Greece', 'Gabon', 'Yemen']"
1454,454,,"['Guinea', 'Singapore', 'Kuwait', 'Mauritania']"
1455,455,,"['Panama', 'Argentina', 'Trinidad and Tobago', 'Saudi Arabia']"
1456,456,,"['Indonesia', 'Guinea-Bissau']"
1457,457,,"['Fiji', 'Mozambique', 'Djibouti', 'Bolivia', 'Eswatini']"
1458,458,,"['Malawi', 'Switzerland', 'Congo, Republic of the']"
1459,459,,['France']
1460,460,,"['Trinidad and Tobago', 'Ireland', 'Papua New Guinea']"
1461,461,,"['Mozambique', 'Iraq', 'Malaysia', 'Cambodia']"
1462,462,,['Bosnia and Herzegovina']
1463,463,,"['Taiwan', 'Honduras']"
1464,464,,"['Angola', 'Trinidad and Tobago', 'Tonga', 'Rwanda']"
1465,465,,"['Lebanon', 'Nepal', 'Denmark', 'Brunei', 'Haiti']"
1466,466,,"['Solomon Islands', 'Venezuela']"
1467,467,,"['Ecuador', 'Nepal', 'Poland', 'Somalia']"
1468,468,,['Switzerland']
1469,469,,"['Congo, Republic of the']"
1470,470,,"['Kyrgyzstan', 'Ireland', 'Singapore', 'Comoros']"
1471,471,,"['Rwanda', 'India', 'Bhutan']"
1472,472,,['Cambodia']
1473,473,,"['Malta', 'Tanzania', 'Cabo Verde', 'Serbia', 'Iceland']"
1474,474,,"['Rwanda', 'Sao Tome and Principe', 'Albania']"
1475,475,,"['Eritrea', 'Saint Lucia', 'Botswana']"
1476,476,,"['Cambodia', 'Ecuador', 'Korea, North']"
1477,477,,"['Côte d’Ivoire', 'Myanmar (Burma)', 'Cameroon', 'United Arab Emirates', 'Trinidad and Tobago']"
1478,478,,"['Central African Republic', 'Cuba', 'Sao Tome and Principe', 'Honduras']"
1479,479,,"['Greece', 'Andorra', 'Syria', 'Mongolia']"
1480,480,,"['The Gambia', 'Dominican Republic']"
1481,481,,"['Netherlands', 'Kuwait', 'Norway', 'India']"
1482,482,,['Finland']
1483,483,,"['Indonesia', 'Senegal']"
1484,484,,"['Belize', 'Italy', 'United States']"
1485,485,,"['Tajikistan', 'Comoros']"
1486,486,,['Myanmar (Burma)']
1487,487,,['Malaysia']
1488,488,,"['Mauritius', 'Zimbabwe', 'Lesotho', 'Belize', 'Vietnam']"
1489,489,,"['Iran', 'Libya', 'Burundi', 'Laos', 'The Gambia']"
1490,490,,['Dominica']
1491,491,,['Uzbekistan']
1492,492,,"['Argentina', 'Fiji', 'Mexico', 'Austria', 'Iceland']"
1493,493,,"['Guyana', 'Slovenia', 'Estonia', 'Saudi Arabia']"
1494,494,,"['Korea, North', 'Armenia']"
1495,495,,"['Djibouti', 'Uzbekistan']"
1496,496,,"['Samoa', 'Taiwan', 'Ethiopia', 'Bhutan']"
1497,497,,"['Singapore', 'Bahrain', 'Laos', 'Morocco']"
1498,498,,['Andorra']
1499,499,,"['Pakistan', 'Comoros']"
1500,500,,['El Salvador']
