genreListID,serieID,filmID,genreList
1,,1,['Romance']
2,,2,"['Adventure', 'Comedy', 'Mystery']"
3,,3,"['Comedy', 'Horror', 'Thriller']"
4,,4,"['Fantasy', 'Mystery']"
5,,5,['Mystery']
6,,6,"['Thriller', 'Mystery']"
7,,7,['Action']
8,,8,"['Romance', 'Crime']"
9,,9,['Adventure']
10,,10,['Action']
11,,11,"['Fantasy', 'Mystery', 'Family']"
12,,12,"['Action', 'Drama']"
13,,13,"['Action', 'Comedy']"
14,,14,"['Action', 'Sci-Fi']"
15,,15,"['Horror', 'Crime']"
16,,16,"['Adventure', 'Horror', 'Mystery']"
17,,17,"['Adventure', 'Animation']"
18,,18,['Action']
19,,19,"['Sci-Fi', 'Thriller', 'Family']"
20,,20,"['Action', 'Animation']"
21,,21,"['Sci-Fi', 'Crime']"
22,,22,"['Action', 'Drama']"
23,,23,['Crime']
24,,24,['Mystery']
25,,25,['Crime']
26,,26,"['Drama', 'Mystery']"
27,,27,['Crime']
28,,28,"['Thriller', 'Animation']"
29,,29,['Adventure']
30,,30,['Crime']
31,,31,['Adventure']
32,,32,"['Comedy', 'Drama']"
33,,33,"['Comedy', 'Animation']"
34,,34,"['Action', 'Romance', 'Mystery']"
35,,35,['Animation']
36,,36,['Romance']
37,,37,"['Mystery', 'Family']"
38,,38,"['Action', 'Thriller']"
39,,39,"['Fantasy', 'Animation']"
40,,40,"['Action', 'Thriller', 'Crime']"
41,,41,['Thriller']
42,,42,"['Drama', 'Mystery']"
43,,43,"['Romance', 'Crime']"
44,,44,['Thriller']
45,,45,['Sci-Fi']
46,,46,"['Drama', 'Romance']"
47,,47,"['Comedy', 'Thriller', 'Family']"
48,,48,"['Horror', 'Crime']"
49,,49,"['Adventure', 'Sci-Fi']"
50,,50,['Adventure']
51,,51,"['Horror', 'Crime']"
52,,52,"['Comedy', 'Fantasy']"
53,,53,"['Thriller', 'Mystery']"
54,,54,['Sci-Fi']
55,,55,['Sci-Fi']
56,,56,"['Action', 'Comedy', 'Sci-Fi']"
57,,57,"['Horror', 'Fantasy']"
58,,58,"['Action', 'Animation']"
59,,59,"['Action', 'Comedy', 'Sci-Fi']"
60,,60,"['Horror', 'Romance']"
61,,61,"['Horror', 'Romance', 'Thriller']"
62,,62,"['Adventure', 'Fantasy']"
63,,63,['Action']
64,,64,"['Action', 'Sci-Fi', 'Crime']"
65,,65,['Sci-Fi']
66,,66,['Thriller']
67,,67,"['Drama', 'Horror']"
68,,68,['Fantasy']
69,,69,['Crime']
70,,70,"['Adventure', 'Comedy', 'Romance']"
71,,71,['Action']
72,,72,"['Romance', 'Family']"
73,,73,"['Horror', 'Fantasy', 'Crime']"
74,,74,"['Comedy', 'Family']"
75,,75,"['Adventure', 'Drama', 'Fantasy']"
76,,76,"['Action', 'Adventure', 'Crime']"
77,,77,"['Comedy', 'Thriller']"
78,,78,['Animation']
79,,79,"['Drama', 'Mystery', 'Crime']"
80,,80,['Animation']
81,,81,"['Horror', 'Thriller', 'Family']"
82,,82,"['Sci-Fi', 'Thriller', 'Fantasy']"
83,,83,"['Drama', 'Thriller', 'Crime']"
84,,84,['Action']
85,,85,['Crime']
86,,86,"['Sci-Fi', 'Thriller', 'Animation']"
87,,87,"['Drama', 'Fantasy']"
88,,88,['Comedy']
89,,89,['Action']
90,,90,"['Thriller', 'Animation']"
91,,91,"['Drama', 'Mystery']"
92,,92,"['Adventure', 'Thriller', 'Animation']"
93,,93,['Action']
94,,94,"['Action', 'Adventure', 'Horror']"
95,,95,['Animation']
96,,96,['Thriller']
97,,97,"['Romance', 'Sci-Fi']"
98,,98,"['Adventure', 'Crime']"
99,,99,['Romance']
100,,100,"['Action', 'Comedy', 'Drama']"
101,,101,['Crime']
102,,102,['Animation']
103,,103,"['Drama', 'Crime']"
104,,104,"['Sci-Fi', 'Crime', 'Family']"
105,,105,"['Action', 'Adventure', 'Animation']"
106,,106,"['Action', 'Adventure', 'Mystery']"
107,,107,"['Drama', 'Romance', 'Fantasy']"
108,,108,"['Action', 'Crime']"
109,,109,['Adventure']
110,,110,"['Drama', 'Fantasy', 'Crime']"
111,,111,"['Adventure', 'Fantasy']"
112,,112,"['Action', 'Drama', 'Mystery']"
113,,113,"['Comedy', 'Horror', 'Crime']"
114,,114,"['Comedy', 'Drama']"
115,,115,"['Comedy', 'Family']"
116,,116,"['Adventure', 'Sci-Fi']"
117,,117,"['Mystery', 'Crime', 'Family']"
118,,118,"['Action', 'Sci-Fi', 'Mystery']"
119,,119,"['Horror', 'Sci-Fi', 'Thriller']"
120,,120,"['Drama', 'Mystery', 'Crime']"
121,,121,"['Thriller', 'Crime', 'Family']"
122,,122,"['Action', 'Drama']"
123,,123,['Action']
124,,124,"['Action', 'Thriller']"
125,,125,['Drama']
126,,126,"['Adventure', 'Drama', 'Sci-Fi']"
127,,127,"['Adventure', 'Mystery', 'Animation']"
128,,128,"['Thriller', 'Animation', 'Family']"
129,,129,"['Thriller', 'Crime']"
130,,130,"['Drama', 'Horror', 'Family']"
131,,131,"['Drama', 'Family']"
132,,132,['Fantasy']
133,,133,"['Fantasy', 'Animation', 'Family']"
134,,134,"['Action', 'Adventure']"
135,,135,"['Romance', 'Thriller', 'Crime']"
136,,136,"['Fantasy', 'Family']"
137,,137,['Drama']
138,,138,['Action']
139,,139,"['Fantasy', 'Animation']"
140,,140,"['Action', 'Mystery']"
141,,141,['Horror']
142,,142,['Thriller']
143,,143,"['Action', 'Thriller', 'Mystery']"
144,,144,"['Adventure', 'Fantasy', 'Crime']"
145,,145,"['Sci-Fi', 'Fantasy', 'Animation']"
146,,146,"['Horror', 'Family']"
147,,147,"['Thriller', 'Fantasy', 'Mystery']"
148,,148,"['Action', 'Adventure', 'Family']"
149,,149,['Mystery']
150,,150,['Comedy']
151,,151,"['Drama', 'Crime', 'Family']"
152,,152,"['Drama', 'Crime']"
153,,153,"['Fantasy', 'Family']"
154,,154,"['Comedy', 'Thriller']"
155,,155,['Crime']
156,,156,"['Action', 'Romance']"
157,,157,['Crime']
158,,158,['Family']
159,,159,"['Comedy', 'Drama', 'Romance']"
160,,160,"['Drama', 'Sci-Fi', 'Animation']"
161,,161,['Romance']
162,,162,"['Thriller', 'Fantasy']"
163,,163,"['Adventure', 'Drama', 'Fantasy']"
164,,164,"['Action', 'Drama', 'Mystery']"
165,,165,"['Sci-Fi', 'Crime']"
166,,166,"['Drama', 'Romance', 'Thriller']"
167,,167,"['Comedy', 'Mystery']"
168,,168,"['Horror', 'Thriller', 'Mystery']"
169,,169,"['Sci-Fi', 'Fantasy']"
170,,170,"['Comedy', 'Romance', 'Thriller']"
171,,171,"['Adventure', 'Thriller', 'Mystery']"
172,,172,"['Sci-Fi', 'Crime']"
173,,173,['Family']
174,,174,['Adventure']
175,,175,['Action']
176,,176,"['Fantasy', 'Animation']"
177,,177,"['Comedy', 'Romance', 'Mystery']"
178,,178,"['Comedy', 'Drama']"
179,,179,['Crime']
180,,180,"['Adventure', 'Thriller', 'Fantasy']"
181,,181,['Mystery']
182,,182,['Drama']
183,,183,"['Action', 'Crime', 'Animation']"
184,,184,"['Romance', 'Thriller']"
185,,185,"['Drama', 'Romance', 'Sci-Fi']"
186,,186,"['Action', 'Thriller', 'Mystery']"
187,,187,"['Adventure', 'Family']"
188,,188,['Drama']
189,,189,['Family']
190,,190,['Fantasy']
191,,191,"['Mystery', 'Family']"
192,,192,"['Drama', 'Crime']"
193,,193,"['Thriller', 'Fantasy']"
194,,194,['Horror']
195,,195,"['Romance', 'Thriller', 'Family']"
196,,196,"['Horror', 'Sci-Fi', 'Mystery']"
197,,197,"['Comedy', 'Sci-Fi', 'Thriller']"
198,,198,"['Horror', 'Fantasy']"
199,,199,['Family']
200,,200,"['Action', 'Horror', 'Mystery']"
201,,201,"['Thriller', 'Fantasy', 'Mystery']"
202,,202,['Crime']
203,,203,"['Romance', 'Mystery']"
204,,204,"['Adventure', 'Thriller', 'Crime']"
205,,205,['Family']
206,,206,['Comedy']
207,,207,"['Mystery', 'Family']"
208,,208,['Horror']
209,,209,"['Romance', 'Sci-Fi', 'Family']"
210,,210,['Fantasy']
211,,211,"['Drama', 'Fantasy', 'Family']"
212,,212,"['Action', 'Crime']"
213,,213,['Crime']
214,,214,['Adventure']
215,,215,"['Action', 'Comedy']"
216,,216,"['Romance', 'Thriller']"
217,,217,"['Drama', 'Sci-Fi', 'Animation']"
218,,218,['Crime']
219,,219,"['Drama', 'Fantasy']"
220,,220,"['Comedy', 'Horror', 'Crime']"
221,,221,"['Comedy', 'Crime']"
222,,222,['Drama']
223,,223,"['Fantasy', 'Crime']"
224,,224,"['Romance', 'Sci-Fi']"
225,,225,"['Adventure', 'Drama', 'Mystery']"
226,,226,['Comedy']
227,,227,"['Horror', 'Family']"
228,,228,"['Adventure', 'Horror', 'Romance']"
229,,229,"['Action', 'Horror', 'Thriller']"
230,,230,['Mystery']
231,,231,"['Adventure', 'Crime', 'Family']"
232,,232,"['Adventure', 'Animation', 'Family']"
233,,233,"['Adventure', 'Sci-Fi']"
234,,234,"['Drama', 'Sci-Fi', 'Fantasy']"
235,,235,['Horror']
236,,236,"['Action', 'Adventure']"
237,,237,"['Action', 'Animation']"
238,,238,"['Adventure', 'Horror']"
239,,239,['Mystery']
240,,240,"['Comedy', 'Horror', 'Romance']"
241,,241,"['Comedy', 'Sci-Fi', 'Animation']"
242,,242,"['Sci-Fi', 'Mystery']"
243,,243,['Crime']
244,,244,"['Fantasy', 'Mystery', 'Crime']"
245,,245,"['Romance', 'Sci-Fi']"
246,,246,"['Adventure', 'Drama', 'Fantasy']"
247,,247,"['Crime', 'Animation']"
248,,248,"['Drama', 'Romance']"
249,,249,"['Action', 'Adventure', 'Mystery']"
250,,250,['Sci-Fi']
251,,251,"['Fantasy', 'Animation', 'Family']"
252,,252,"['Fantasy', 'Mystery']"
253,,253,"['Horror', 'Romance', 'Sci-Fi']"
254,,254,"['Sci-Fi', 'Family']"
255,,255,"['Fantasy', 'Family']"
256,,256,['Crime']
257,,257,"['Action', 'Thriller', 'Fantasy']"
258,,258,['Adventure']
259,,259,"['Romance', 'Animation', 'Family']"
260,,260,"['Comedy', 'Thriller']"
261,,261,"['Action', 'Romance', 'Crime']"
262,,262,"['Adventure', 'Romance']"
263,,263,['Adventure']
264,,264,"['Adventure', 'Horror']"
265,,265,"['Action', 'Horror']"
266,,266,['Sci-Fi']
267,,267,"['Romance', 'Fantasy', 'Mystery']"
268,,268,['Romance']
269,,269,['Fantasy']
270,,270,['Drama']
271,,271,"['Romance', 'Fantasy', 'Family']"
272,,272,"['Horror', 'Crime']"
273,,273,['Family']
274,,274,"['Drama', 'Fantasy', 'Animation']"
275,,275,"['Comedy', 'Fantasy']"
276,,276,['Mystery']
277,,277,"['Action', 'Comedy', 'Mystery']"
278,,278,['Horror']
279,,279,"['Adventure', 'Horror', 'Crime']"
280,,280,['Action']
281,,281,"['Adventure', 'Comedy']"
282,,282,['Adventure']
283,,283,"['Adventure', 'Comedy', 'Fantasy']"
284,,284,"['Romance', 'Thriller', 'Mystery']"
285,,285,"['Action', 'Sci-Fi']"
286,,286,"['Action', 'Adventure', 'Sci-Fi']"
287,,287,"['Action', 'Fantasy']"
288,,288,"['Action', 'Sci-Fi']"
289,,289,"['Adventure', 'Horror', 'Romance']"
290,,290,"['Comedy', 'Family']"
291,,291,"['Adventure', 'Romance', 'Fantasy']"
292,,292,"['Horror', 'Romance', 'Family']"
293,,293,"['Action', 'Horror']"
294,,294,"['Sci-Fi', 'Mystery']"
295,,295,"['Comedy', 'Fantasy']"
296,,296,['Romance']
297,,297,"['Romance', 'Crime', 'Family']"
298,,298,"['Drama', 'Fantasy']"
299,,299,"['Mystery', 'Family']"
300,,300,['Sci-Fi']
301,,301,"['Action', 'Comedy', 'Mystery']"
302,,302,['Animation']
303,,303,['Crime']
304,,304,['Animation']
305,,305,"['Mystery', 'Animation', 'Family']"
306,,306,"['Action', 'Sci-Fi', 'Thriller']"
307,,307,"['Romance', 'Family']"
308,,308,['Animation']
309,,309,"['Sci-Fi', 'Fantasy']"
310,,310,"['Horror', 'Animation']"
311,,311,"['Action', 'Horror']"
312,,312,['Horror']
313,,313,"['Comedy', 'Thriller']"
314,,314,"['Adventure', 'Crime', 'Family']"
315,,315,['Comedy']
316,,316,"['Sci-Fi', 'Fantasy', 'Family']"
317,,317,"['Action', 'Adventure', 'Thriller']"
318,,318,['Family']
319,,319,['Sci-Fi']
320,,320,['Mystery']
321,,321,"['Romance', 'Sci-Fi', 'Animation']"
322,,322,"['Fantasy', 'Mystery', 'Animation']"
323,,323,"['Thriller', 'Mystery']"
324,,324,"['Sci-Fi', 'Animation']"
325,,325,"['Romance', 'Animation']"
326,,326,['Romance']
327,,327,['Crime']
328,,328,"['Romance', 'Family']"
329,,329,"['Crime', 'Animation']"
330,,330,"['Drama', 'Crime']"
331,,331,"['Adventure', 'Horror', 'Fantasy']"
332,,332,['Family']
333,,333,"['Horror', 'Family']"
334,,334,"['Sci-Fi', 'Thriller', 'Animation']"
335,,335,"['Comedy', 'Mystery', 'Animation']"
336,,336,['Horror']
337,,337,['Family']
338,,338,['Drama']
339,,339,"['Comedy', 'Family']"
340,,340,['Mystery']
341,,341,"['Comedy', 'Animation']"
342,,342,"['Action', 'Sci-Fi']"
343,,343,"['Crime', 'Family']"
344,,344,"['Action', 'Thriller']"
345,,345,['Thriller']
346,,346,['Animation']
347,,347,['Action']
348,,348,"['Comedy', 'Romance', 'Animation']"
349,,349,"['Action', 'Crime', 'Animation']"
350,,350,"['Romance', 'Animation', 'Family']"
351,,351,['Crime']
352,,352,['Fantasy']
353,,353,"['Horror', 'Mystery']"
354,,354,['Thriller']
355,,355,['Action']
356,,356,"['Adventure', 'Thriller', 'Animation']"
357,,357,"['Horror', 'Thriller', 'Animation']"
358,,358,"['Action', 'Horror']"
359,,359,"['Adventure', 'Mystery', 'Crime']"
360,,360,"['Action', 'Horror', 'Family']"
361,,361,"['Thriller', 'Mystery', 'Family']"
362,,362,"['Adventure', 'Horror']"
363,,363,['Crime']
364,,364,"['Adventure', 'Horror', 'Romance']"
365,,365,"['Action', 'Drama', 'Romance']"
366,,366,['Family']
367,,367,['Romance']
368,,368,"['Horror', 'Romance']"
369,,369,"['Adventure', 'Animation']"
370,,370,['Sci-Fi']
371,,371,['Horror']
372,,372,['Romance']
373,,373,"['Mystery', 'Family']"
374,,374,"['Drama', 'Fantasy', 'Family']"
375,,375,['Horror']
376,,376,['Action']
377,,377,['Family']
378,,378,['Thriller']
379,,379,['Horror']
380,,380,"['Action', 'Fantasy']"
381,,381,"['Adventure', 'Drama', 'Thriller']"
382,,382,['Drama']
383,,383,"['Drama', 'Mystery']"
384,,384,"['Drama', 'Crime']"
385,,385,"['Fantasy', 'Crime']"
386,,386,"['Drama', 'Crime', 'Animation']"
387,,387,"['Sci-Fi', 'Family']"
388,,388,"['Horror', 'Romance', 'Thriller']"
389,,389,['Crime']
390,,390,"['Drama', 'Thriller', 'Family']"
391,,391,"['Drama', 'Animation', 'Family']"
392,,392,['Sci-Fi']
393,,393,"['Romance', 'Mystery']"
394,,394,"['Horror', 'Sci-Fi', 'Crime']"
395,,395,"['Action', 'Comedy']"
396,,396,"['Adventure', 'Crime']"
397,,397,"['Comedy', 'Animation']"
398,,398,"['Comedy', 'Fantasy']"
399,,399,"['Action', 'Romance']"
400,,400,"['Thriller', 'Crime']"
401,,401,['Fantasy']
402,,402,"['Action', 'Romance', 'Family']"
403,,403,"['Action', 'Sci-Fi']"
404,,404,"['Drama', 'Horror', 'Family']"
405,,405,"['Action', 'Adventure', 'Animation']"
406,,406,"['Horror', 'Thriller', 'Fantasy']"
407,,407,"['Adventure', 'Sci-Fi']"
408,,408,['Horror']
409,,409,"['Action', 'Adventure', 'Drama']"
410,,410,['Thriller']
411,,411,"['Action', 'Family']"
412,,412,"['Action', 'Crime']"
413,,413,['Sci-Fi']
414,,414,"['Horror', 'Animation']"
415,,415,"['Drama', 'Romance', 'Thriller']"
416,,416,"['Adventure', 'Horror', 'Family']"
417,,417,"['Action', 'Romance']"
418,,418,"['Comedy', 'Fantasy']"
419,,419,['Thriller']
420,,420,['Thriller']
421,,421,"['Sci-Fi', 'Crime']"
422,,422,['Thriller']
423,,423,['Animation']
424,,424,"['Comedy', 'Drama', 'Mystery']"
425,,425,"['Action', 'Mystery']"
426,,426,"['Thriller', 'Fantasy']"
427,,427,['Action']
428,,428,"['Fantasy', 'Mystery', 'Crime']"
429,,429,"['Romance', 'Thriller']"
430,,430,"['Action', 'Thriller']"
431,,431,"['Horror', 'Thriller']"
432,,432,"['Adventure', 'Comedy', 'Family']"
433,,433,"['Horror', 'Sci-Fi']"
434,,434,['Drama']
435,,435,"['Horror', 'Animation']"
436,,436,['Animation']
437,,437,"['Sci-Fi', 'Thriller', 'Mystery']"
438,,438,['Fantasy']
439,,439,"['Horror', 'Mystery']"
440,,440,['Adventure']
441,,441,"['Sci-Fi', 'Thriller', 'Family']"
442,,442,['Family']
443,,443,['Action']
444,,444,"['Action', 'Family']"
445,,445,"['Comedy', 'Thriller', 'Mystery']"
446,,446,"['Horror', 'Family']"
447,,447,"['Drama', 'Mystery', 'Animation']"
448,,448,"['Comedy', 'Crime', 'Animation']"
449,,449,['Action']
450,,450,['Horror']
451,,451,"['Romance', 'Crime']"
452,,452,['Drama']
453,,453,"['Comedy', 'Mystery']"
454,,454,['Crime']
455,,455,"['Adventure', 'Horror', 'Family']"
456,,456,['Sci-Fi']
457,,457,['Crime']
458,,458,"['Mystery', 'Animation']"
459,,459,"['Comedy', 'Sci-Fi', 'Family']"
460,,460,"['Action', 'Sci-Fi']"
461,,461,"['Horror', 'Romance', 'Mystery']"
462,,462,"['Adventure', 'Drama', 'Fantasy']"
463,,463,"['Drama', 'Family']"
464,,464,"['Romance', 'Animation']"
465,,465,"['Action', 'Crime']"
466,,466,"['Adventure', 'Drama', 'Crime']"
467,,467,"['Action', 'Drama', 'Crime']"
468,,468,"['Action', 'Crime']"
469,,469,['Thriller']
470,,470,"['Thriller', 'Fantasy', 'Mystery']"
471,,471,['Family']
472,,472,"['Adventure', 'Crime']"
473,,473,['Romance']
474,,474,"['Adventure', 'Romance', 'Family']"
475,,475,"['Horror', 'Mystery']"
476,,476,['Horror']
477,,477,"['Horror', 'Thriller', 'Family']"
478,,478,"['Action', 'Sci-Fi']"
479,,479,['Family']
480,,480,['Action']
481,,481,"['Adventure', 'Comedy', 'Family']"
482,,482,"['Action', 'Fantasy']"
483,,483,"['Action', 'Family']"
484,,484,"['Adventure', 'Horror', 'Thriller']"
485,,485,"['Action', 'Drama']"
486,,486,"['Adventure', 'Comedy', 'Mystery']"
487,,487,"['Romance', 'Crime']"
488,,488,"['Romance', 'Thriller']"
489,,489,"['Romance', 'Fantasy', 'Animation']"
490,,490,"['Comedy', 'Animation', 'Family']"
491,,491,['Animation']
492,,492,"['Romance', 'Family']"
493,,493,"['Drama', 'Sci-Fi']"
494,,494,"['Comedy', 'Horror']"
495,,495,"['Thriller', 'Mystery', 'Family']"
496,,496,"['Action', 'Adventure']"
497,,497,"['Thriller', 'Family']"
498,,498,"['Adventure', 'Romance', 'Fantasy']"
499,,499,"['Drama', 'Fantasy', 'Mystery']"
500,,500,['Animation']
501,,501,"['Adventure', 'Thriller']"
502,,502,"['Crime', 'Family']"
503,,503,"['Thriller', 'Family']"
504,,504,['Adventure']
505,,505,"['Adventure', 'Thriller', 'Crime']"
506,,506,"['Action', 'Animation']"
507,,507,"['Crime', 'Family']"
508,,508,"['Action', 'Sci-Fi', 'Fantasy']"
509,,509,"['Action', 'Drama']"
510,,510,['Thriller']
511,,511,"['Fantasy', 'Crime']"
512,,512,['Romance']
513,,513,['Horror']
514,,514,"['Comedy', 'Romance']"
515,,515,['Crime']
516,,516,"['Horror', 'Fantasy', 'Animation']"
517,,517,['Adventure']
518,,518,['Thriller']
519,,519,"['Comedy', 'Sci-Fi', 'Family']"
520,,520,"['Sci-Fi', 'Thriller', 'Family']"
521,,521,['Action']
522,,522,"['Mystery', 'Animation']"
523,,523,['Family']
524,,524,"['Drama', 'Thriller', 'Fantasy']"
525,,525,"['Action', 'Drama', 'Romance']"
526,,526,"['Sci-Fi', 'Crime']"
527,,527,['Mystery']
528,,528,"['Comedy', 'Horror']"
529,,529,['Crime']
530,,530,"['Action', 'Adventure', 'Fantasy']"
531,,531,"['Horror', 'Romance', 'Sci-Fi']"
532,,532,['Animation']
533,,533,"['Adventure', 'Mystery']"
534,,534,"['Horror', 'Thriller', 'Mystery']"
535,,535,"['Drama', 'Sci-Fi', 'Mystery']"
536,,536,"['Action', 'Sci-Fi']"
537,,537,['Action']
538,,538,"['Sci-Fi', 'Crime', 'Animation']"
539,,539,"['Drama', 'Family']"
540,,540,['Romance']
541,,541,['Romance']
542,,542,"['Comedy', 'Horror']"
543,,543,"['Horror', 'Romance', 'Fantasy']"
544,,544,['Romance']
545,,545,['Mystery']
546,,546,"['Romance', 'Fantasy']"
547,,547,['Crime']
548,,548,['Comedy']
549,,549,"['Action', 'Fantasy', 'Animation']"
550,,550,"['Adventure', 'Comedy']"
551,,551,"['Horror', 'Mystery', 'Crime']"
552,,552,['Family']
553,,553,"['Comedy', 'Fantasy', 'Crime']"
554,,554,"['Comedy', 'Crime', 'Animation']"
555,,555,"['Adventure', 'Fantasy']"
556,,556,"['Action', 'Mystery']"
557,,557,"['Romance', 'Animation']"
558,,558,['Romance']
559,,559,['Sci-Fi']
560,,560,"['Drama', 'Family']"
561,,561,['Animation']
562,,562,"['Comedy', 'Mystery', 'Animation']"
563,,563,['Mystery']
564,,564,"['Action', 'Adventure', 'Mystery']"
565,,565,['Comedy']
566,,566,"['Comedy', 'Romance', 'Sci-Fi']"
567,,567,"['Sci-Fi', 'Crime']"
568,,568,"['Comedy', 'Fantasy', 'Mystery']"
569,,569,['Drama']
570,,570,['Drama']
571,,571,['Crime']
572,,572,['Horror']
573,,573,"['Thriller', 'Crime']"
574,,574,['Drama']
575,,575,['Action']
576,,576,"['Comedy', 'Romance', 'Fantasy']"
577,,577,"['Action', 'Sci-Fi', 'Family']"
578,,578,"['Action', 'Horror', 'Family']"
579,,579,['Drama']
580,,580,['Action']
581,,581,['Mystery']
582,,582,['Adventure']
583,,583,['Crime']
584,,584,"['Adventure', 'Horror', 'Crime']"
585,,585,"['Drama', 'Romance', 'Family']"
586,,586,"['Action', 'Crime', 'Family']"
587,,587,"['Sci-Fi', 'Mystery', 'Animation']"
588,,588,"['Action', 'Crime', 'Family']"
589,,589,"['Adventure', 'Romance', 'Crime']"
590,,590,['Comedy']
591,,591,"['Action', 'Sci-Fi', 'Family']"
592,,592,"['Adventure', 'Drama', 'Fantasy']"
593,,593,['Comedy']
594,,594,['Mystery']
595,,595,"['Drama', 'Horror', 'Family']"
596,,596,"['Animation', 'Family']"
597,,597,['Adventure']
598,,598,"['Horror', 'Thriller', 'Mystery']"
599,,599,"['Adventure', 'Romance', 'Crime']"
600,,600,"['Action', 'Fantasy', 'Crime']"
601,,601,['Romance']
602,,602,"['Drama', 'Romance', 'Sci-Fi']"
603,,603,"['Drama', 'Thriller', 'Family']"
604,,604,"['Adventure', 'Crime', 'Animation']"
605,,605,['Comedy']
606,,606,['Drama']
607,,607,"['Comedy', 'Horror']"
608,,608,"['Adventure', 'Drama']"
609,,609,"['Fantasy', 'Crime']"
610,,610,['Adventure']
611,,611,['Family']
612,,612,"['Adventure', 'Sci-Fi']"
613,,613,"['Action', 'Adventure', 'Fantasy']"
614,,614,"['Crime', 'Animation', 'Family']"
615,,615,['Mystery']
616,,616,['Drama']
617,,617,"['Adventure', 'Comedy', 'Mystery']"
618,,618,['Drama']
619,,619,"['Drama', 'Crime']"
620,,620,"['Horror', 'Crime']"
621,,621,['Comedy']
622,,622,['Animation']
623,,623,"['Comedy', 'Drama']"
624,,624,"['Adventure', 'Comedy', 'Crime']"
625,,625,"['Sci-Fi', 'Fantasy']"
626,,626,"['Drama', 'Mystery']"
627,,627,"['Comedy', 'Romance', 'Fantasy']"
628,,628,"['Comedy', 'Horror', 'Sci-Fi']"
629,,629,"['Adventure', 'Horror']"
630,,630,['Crime']
631,,631,['Comedy']
632,,632,"['Comedy', 'Fantasy', 'Family']"
633,,633,['Romance']
634,,634,['Family']
635,,635,"['Adventure', 'Sci-Fi', 'Family']"
636,,636,"['Fantasy', 'Animation']"
637,,637,['Crime']
638,,638,"['Sci-Fi', 'Mystery']"
639,,639,['Comedy']
640,,640,"['Drama', 'Horror', 'Mystery']"
641,,641,"['Drama', 'Thriller']"
642,,642,['Mystery']
643,,643,"['Fantasy', 'Crime']"
644,,644,"['Sci-Fi', 'Mystery']"
645,,645,['Romance']
646,,646,"['Fantasy', 'Animation', 'Family']"
647,,647,"['Action', 'Comedy', 'Mystery']"
648,,648,['Romance']
649,,649,"['Action', 'Comedy', 'Crime']"
650,,650,['Animation']
651,,651,"['Adventure', 'Mystery', 'Crime']"
652,,652,['Drama']
653,,653,['Thriller']
654,,654,"['Action', 'Adventure', 'Crime']"
655,,655,"['Adventure', 'Comedy', 'Mystery']"
656,,656,['Comedy']
657,,657,"['Romance', 'Crime']"
658,,658,['Horror']
659,,659,"['Horror', 'Romance']"
660,,660,['Animation']
661,,661,"['Crime', 'Family']"
662,,662,"['Romance', 'Fantasy', 'Family']"
663,,663,['Family']
664,,664,"['Mystery', 'Crime', 'Family']"
665,,665,"['Action', 'Fantasy', 'Animation']"
666,,666,['Horror']
667,,667,['Sci-Fi']
668,,668,['Fantasy']
669,,669,"['Thriller', 'Mystery', 'Animation']"
670,,670,['Mystery']
671,,671,"['Romance', 'Fantasy', 'Family']"
672,,672,"['Fantasy', 'Family']"
673,,673,"['Romance', 'Mystery', 'Crime']"
674,,674,"['Drama', 'Sci-Fi', 'Mystery']"
675,,675,['Animation']
676,,676,"['Sci-Fi', 'Thriller', 'Mystery']"
677,,677,['Adventure']
678,,678,['Action']
679,,679,"['Thriller', 'Animation']"
680,,680,"['Thriller', 'Fantasy', 'Family']"
681,,681,"['Thriller', 'Animation']"
682,,682,"['Adventure', 'Drama']"
683,,683,['Animation']
684,,684,"['Drama', 'Romance', 'Family']"
685,,685,['Family']
686,,686,"['Fantasy', 'Crime']"
687,,687,"['Comedy', 'Thriller', 'Family']"
688,,688,"['Adventure', 'Sci-Fi']"
689,,689,"['Romance', 'Sci-Fi', 'Crime']"
690,,690,['Horror']
691,,691,"['Drama', 'Sci-Fi', 'Animation']"
692,,692,"['Horror', 'Animation', 'Family']"
693,,693,"['Thriller', 'Fantasy', 'Mystery']"
694,,694,['Fantasy']
695,,695,['Family']
696,,696,"['Romance', 'Fantasy', 'Family']"
697,,697,"['Sci-Fi', 'Crime', 'Family']"
698,,698,['Horror']
699,,699,"['Sci-Fi', 'Crime']"
700,,700,"['Romance', 'Crime', 'Animation']"
701,,701,"['Romance', 'Fantasy', 'Family']"
702,,702,"['Drama', 'Horror']"
703,,703,['Fantasy']
704,,704,['Crime']
705,,705,"['Drama', 'Horror', 'Romance']"
706,,706,"['Romance', 'Mystery']"
707,,707,"['Adventure', 'Mystery', 'Family']"
708,,708,['Family']
709,,709,"['Romance', 'Fantasy']"
710,,710,"['Crime', 'Animation', 'Family']"
711,,711,['Fantasy']
712,,712,"['Thriller', 'Fantasy']"
713,,713,"['Romance', 'Animation']"
714,,714,['Animation']
715,,715,"['Action', 'Romance', 'Thriller']"
716,,716,"['Adventure', 'Romance', 'Fantasy']"
717,,717,['Horror']
718,,718,"['Adventure', 'Family']"
719,,719,['Family']
720,,720,"['Action', 'Sci-Fi', 'Animation']"
721,,721,"['Action', 'Sci-Fi', 'Fantasy']"
722,,722,['Horror']
723,,723,"['Thriller', 'Animation']"
724,,724,"['Mystery', 'Family']"
725,,725,"['Action', 'Adventure', 'Fantasy']"
726,,726,['Animation']
727,,727,"['Horror', 'Thriller']"
728,,728,"['Romance', 'Mystery', 'Family']"
729,,729,"['Fantasy', 'Mystery']"
730,,730,"['Fantasy', 'Animation']"
731,,731,"['Horror', 'Fantasy']"
732,,732,['Mystery']
733,,733,"['Comedy', 'Family']"
734,,734,['Comedy']
735,,735,"['Horror', 'Romance', 'Animation']"
736,,736,"['Mystery', 'Family']"
737,,737,['Sci-Fi']
738,,738,"['Adventure', 'Fantasy']"
739,,739,"['Action', 'Crime', 'Family']"
740,,740,"['Romance', 'Animation']"
741,,741,"['Crime', 'Animation']"
742,,742,['Crime']
743,,743,"['Action', 'Sci-Fi', 'Crime']"
744,,744,"['Romance', 'Thriller']"
745,,745,['Fantasy']
746,,746,"['Drama', 'Horror']"
747,,747,"['Thriller', 'Crime']"
748,,748,"['Comedy', 'Drama', 'Thriller']"
749,,749,['Drama']
750,,750,"['Adventure', 'Horror']"
751,,751,"['Drama', 'Mystery']"
752,,752,"['Action', 'Comedy']"
753,,753,"['Adventure', 'Crime']"
754,,754,"['Adventure', 'Thriller', 'Mystery']"
755,,755,['Fantasy']
756,,756,"['Comedy', 'Horror', 'Fantasy']"
757,,757,"['Action', 'Comedy', 'Drama']"
758,,758,"['Action', 'Comedy', 'Sci-Fi']"
759,,759,['Comedy']
760,,760,['Horror']
761,,761,"['Action', 'Drama', 'Crime']"
762,,762,"['Action', 'Fantasy', 'Crime']"
763,,763,"['Adventure', 'Comedy', 'Fantasy']"
764,,764,"['Drama', 'Romance', 'Mystery']"
765,,765,"['Drama', 'Horror', 'Fantasy']"
766,,766,"['Horror', 'Romance', 'Fantasy']"
767,,767,"['Thriller', 'Mystery', 'Crime']"
768,,768,['Animation']
769,,769,"['Drama', 'Thriller', 'Family']"
770,,770,"['Action', 'Fantasy']"
771,,771,['Drama']
772,,772,"['Horror', 'Romance']"
773,,773,"['Action', 'Mystery', 'Family']"
774,,774,['Sci-Fi']
775,,775,['Horror']
776,,776,['Sci-Fi']
777,,777,"['Adventure', 'Comedy', 'Crime']"
778,,778,"['Romance', 'Family']"
779,,779,"['Action', 'Comedy', 'Sci-Fi']"
780,,780,['Drama']
781,,781,['Fantasy']
782,,782,"['Action', 'Comedy', 'Crime']"
783,,783,['Animation']
784,,784,['Horror']
785,,785,['Action']
786,,786,['Adventure']
787,,787,"['Horror', 'Crime']"
788,,788,['Fantasy']
789,,789,"['Thriller', 'Crime', 'Family']"
790,,790,"['Adventure', 'Crime']"
791,,791,"['Comedy', 'Animation']"
792,,792,"['Comedy', 'Horror']"
793,,793,['Sci-Fi']
794,,794,"['Sci-Fi', 'Crime', 'Family']"
795,,795,"['Comedy', 'Drama']"
796,,796,['Crime']
797,,797,['Fantasy']
798,,798,"['Horror', 'Romance', 'Fantasy']"
799,,799,"['Horror', 'Thriller', 'Family']"
800,,800,"['Horror', 'Thriller', 'Family']"
801,,801,"['Fantasy', 'Animation']"
802,,802,['Thriller']
803,,803,['Fantasy']
804,,804,['Fantasy']
805,,805,['Drama']
806,,806,"['Horror', 'Crime']"
807,,807,"['Adventure', 'Sci-Fi', 'Thriller']"
808,,808,"['Horror', 'Romance']"
809,,809,"['Drama', 'Thriller', 'Family']"
810,,810,"['Sci-Fi', 'Animation']"
811,,811,"['Action', 'Romance', 'Thriller']"
812,,812,"['Action', 'Comedy', 'Sci-Fi']"
813,,813,"['Comedy', 'Sci-Fi']"
814,,814,"['Drama', 'Animation']"
815,,815,"['Drama', 'Horror']"
816,,816,['Adventure']
817,,817,['Action']
818,,818,"['Adventure', 'Romance']"
819,,819,"['Action', 'Mystery', 'Animation']"
820,,820,['Crime']
821,,821,"['Action', 'Sci-Fi', 'Crime']"
822,,822,"['Comedy', 'Horror', 'Family']"
823,,823,['Crime']
824,,824,"['Comedy', 'Mystery']"
825,,825,"['Horror', 'Sci-Fi']"
826,,826,['Action']
827,,827,"['Drama', 'Fantasy', 'Animation']"
828,,828,['Romance']
829,,829,['Horror']
830,,830,"['Adventure', 'Comedy', 'Mystery']"
831,,831,['Fantasy']
832,,832,"['Adventure', 'Sci-Fi', 'Thriller']"
833,,833,['Fantasy']
834,,834,['Action']
835,,835,"['Thriller', 'Animation', 'Family']"
836,,836,"['Adventure', 'Drama', 'Horror']"
837,,837,"['Adventure', 'Horror']"
838,,838,['Mystery']
839,,839,['Sci-Fi']
840,,840,"['Adventure', 'Horror', 'Romance']"
841,,841,['Adventure']
842,,842,['Fantasy']
843,,843,"['Romance', 'Family']"
844,,844,"['Horror', 'Crime']"
845,,845,['Horror']
846,,846,"['Thriller', 'Family']"
847,,847,['Family']
848,,848,['Mystery']
849,,849,['Family']
850,,850,"['Drama', 'Crime']"
851,,851,['Family']
852,,852,['Fantasy']
853,,853,"['Romance', 'Thriller']"
854,,854,['Adventure']
855,,855,"['Adventure', 'Horror']"
856,,856,['Thriller']
857,,857,['Sci-Fi']
858,,858,['Horror']
859,,859,"['Action', 'Thriller', 'Family']"
860,,860,"['Action', 'Adventure', 'Drama']"
861,,861,"['Comedy', 'Thriller', 'Animation']"
862,,862,"['Comedy', 'Fantasy', 'Crime']"
863,,863,['Comedy']
864,,864,"['Horror', 'Romance', 'Family']"
865,,865,"['Adventure', 'Thriller']"
866,,866,"['Horror', 'Fantasy', 'Animation']"
867,,867,"['Action', 'Mystery', 'Family']"
868,,868,"['Drama', 'Romance']"
869,,869,"['Fantasy', 'Mystery']"
870,,870,"['Drama', 'Mystery']"
871,,871,"['Drama', 'Fantasy']"
872,,872,['Family']
873,,873,"['Adventure', 'Sci-Fi', 'Family']"
874,,874,"['Fantasy', 'Mystery', 'Family']"
875,,875,"['Mystery', 'Animation', 'Family']"
876,,876,"['Adventure', 'Horror', 'Thriller']"
877,,877,"['Drama', 'Fantasy', 'Family']"
878,,878,"['Action', 'Horror', 'Sci-Fi']"
879,,879,"['Action', 'Horror', 'Mystery']"
880,,880,"['Romance', 'Animation']"
881,,881,['Fantasy']
882,,882,['Adventure']
883,,883,"['Adventure', 'Romance', 'Family']"
884,,884,['Mystery']
885,,885,['Romance']
886,,886,"['Horror', 'Crime']"
887,,887,"['Thriller', 'Animation']"
888,,888,"['Mystery', 'Animation', 'Family']"
889,,889,"['Comedy', 'Sci-Fi', 'Thriller']"
890,,890,"['Adventure', 'Fantasy']"
891,,891,['Comedy']
892,,892,"['Action', 'Thriller', 'Animation']"
893,,893,"['Comedy', 'Drama', 'Family']"
894,,894,"['Horror', 'Thriller', 'Mystery']"
895,,895,"['Action', 'Sci-Fi', 'Fantasy']"
896,,896,"['Comedy', 'Fantasy', 'Mystery']"
897,,897,['Animation']
898,,898,"['Adventure', 'Horror']"
899,,899,"['Mystery', 'Crime']"
900,,900,"['Comedy', 'Family']"
901,,901,"['Comedy', 'Romance']"
902,,902,['Sci-Fi']
903,,903,"['Drama', 'Animation']"
904,,904,"['Animation', 'Family']"
905,,905,"['Action', 'Comedy']"
906,,906,"['Horror', 'Thriller']"
907,,907,"['Comedy', 'Fantasy']"
908,,908,"['Action', 'Sci-Fi', 'Fantasy']"
909,,909,"['Drama', 'Horror', 'Crime']"
910,,910,"['Romance', 'Thriller', 'Family']"
911,,911,"['Action', 'Drama']"
912,,912,"['Sci-Fi', 'Thriller']"
913,,913,"['Action', 'Thriller', 'Crime']"
914,,914,"['Action', 'Drama', 'Thriller']"
915,,915,"['Adventure', 'Sci-Fi']"
916,,916,['Family']
917,,917,"['Romance', 'Thriller']"
918,,918,"['Horror', 'Romance', 'Sci-Fi']"
919,,919,"['Thriller', 'Mystery']"
920,,920,"['Action', 'Comedy', 'Fantasy']"
921,,921,['Horror']
922,,922,"['Horror', 'Romance', 'Family']"
923,,923,['Drama']
924,,924,['Thriller']
925,,925,"['Action', 'Sci-Fi']"
926,,926,"['Drama', 'Horror', 'Thriller']"
927,,927,"['Drama', 'Thriller']"
928,,928,['Drama']
929,,929,"['Mystery', 'Crime']"
930,,930,"['Drama', 'Animation', 'Family']"
931,,931,"['Action', 'Mystery']"
932,,932,"['Romance', 'Crime', 'Family']"
933,,933,['Thriller']
934,,934,"['Action', 'Crime', 'Animation']"
935,,935,"['Horror', 'Sci-Fi', 'Mystery']"
936,,936,"['Thriller', 'Animation']"
937,,937,"['Drama', 'Fantasy']"
938,,938,['Family']
939,,939,['Thriller']
940,,940,['Thriller']
941,,941,"['Action', 'Comedy']"
942,,942,"['Action', 'Adventure', 'Comedy']"
943,,943,"['Adventure', 'Comedy', 'Drama']"
944,,944,"['Comedy', 'Crime']"
945,,945,"['Comedy', 'Drama']"
946,,946,['Horror']
947,,947,"['Romance', 'Thriller', 'Family']"
948,,948,['Animation']
949,,949,"['Comedy', 'Romance', 'Family']"
950,,950,['Crime']
951,,951,['Drama']
952,,952,"['Horror', 'Animation', 'Family']"
953,,953,"['Comedy', 'Drama', 'Crime']"
954,,954,"['Sci-Fi', 'Fantasy', 'Family']"
955,,955,['Horror']
956,,956,['Comedy']
957,,957,['Drama']
958,,958,"['Action', 'Horror', 'Family']"
959,,959,"['Action', 'Adventure', 'Sci-Fi']"
960,,960,['Thriller']
961,,961,"['Thriller', 'Crime']"
962,,962,"['Romance', 'Sci-Fi', 'Crime']"
963,,963,['Thriller']
964,,964,"['Adventure', 'Romance', 'Family']"
965,,965,"['Drama', 'Sci-Fi']"
966,,966,"['Thriller', 'Animation']"
967,,967,['Drama']
968,,968,['Adventure']
969,,969,"['Comedy', 'Thriller', 'Animation']"
970,,970,['Drama']
971,,971,"['Horror', 'Mystery']"
972,,972,"['Drama', 'Fantasy']"
973,,973,"['Horror', 'Mystery', 'Animation']"
974,,974,['Romance']
975,,975,['Action']
976,,976,"['Adventure', 'Thriller']"
977,,977,['Crime']
978,,978,['Crime']
979,,979,"['Comedy', 'Fantasy', 'Mystery']"
980,,980,"['Mystery', 'Crime']"
981,,981,"['Romance', 'Crime']"
982,,982,"['Adventure', 'Horror', 'Animation']"
983,,983,"['Romance', 'Thriller']"
984,,984,['Horror']
985,,985,"['Romance', 'Family']"
986,,986,"['Adventure', 'Drama', 'Animation']"
987,,987,['Thriller']
988,,988,"['Romance', 'Thriller', 'Family']"
989,,989,"['Adventure', 'Thriller', 'Mystery']"
990,,990,"['Drama', 'Sci-Fi', 'Animation']"
991,,991,"['Horror', 'Animation']"
992,,992,"['Action', 'Drama', 'Horror']"
993,,993,"['Adventure', 'Comedy', 'Sci-Fi']"
994,,994,"['Drama', 'Sci-Fi', 'Animation']"
995,,995,"['Action', 'Sci-Fi']"
996,,996,"['Adventure', 'Mystery', 'Crime']"
997,,997,"['Action', 'Sci-Fi']"
998,,998,['Crime']
999,,999,"['Adventure', 'Drama', 'Thriller']"
1000,,1000,"['Comedy', 'Mystery', 'Crime']"
1001,1,,"['Action', 'Animation']"
1002,2,,"['Action', 'Fantasy', 'Family']"
1003,3,,"['Romance', 'Sci-Fi', 'Fantasy']"
1004,4,,"['Action', 'Thriller', 'Family']"
1005,5,,['Romance']
1006,6,,"['Sci-Fi', 'Family']"
1007,7,,"['Horror', 'Thriller', 'Crime']"
1008,8,,"['Horror', 'Mystery']"
1009,9,,"['Adventure', 'Animation']"
1010,10,,['Action']
1011,11,,['Action']
1012,12,,"['Action', 'Family']"
1013,13,,"['Animation', 'Family']"
1014,14,,"['Fantasy', 'Mystery', 'Animation']"
1015,15,,['Romance']
1016,16,,['Animation']
1017,17,,"['Sci-Fi', 'Mystery']"
1018,18,,"['Adventure', 'Sci-Fi', 'Family']"
1019,19,,['Sci-Fi']
1020,20,,"['Drama', 'Mystery']"
1021,21,,['Action']
1022,22,,"['Drama', 'Romance', 'Crime']"
1023,23,,"['Action', 'Mystery', 'Family']"
1024,24,,"['Comedy', 'Crime']"
1025,25,,"['Drama', 'Mystery']"
1026,26,,"['Adventure', 'Family']"
1027,27,,['Mystery']
1028,28,,['Animation']
1029,29,,['Horror']
1030,30,,['Crime']
1031,31,,['Family']
1032,32,,"['Fantasy', 'Mystery']"
1033,33,,['Animation']
1034,34,,['Animation']
1035,35,,"['Romance', 'Crime']"
1036,36,,['Crime']
1037,37,,['Comedy']
1038,38,,"['Thriller', 'Animation']"
1039,39,,['Comedy']
1040,40,,"['Action', 'Thriller']"
1041,41,,['Horror']
1042,42,,"['Comedy', 'Family']"
1043,43,,"['Crime', 'Family']"
1044,44,,"['Sci-Fi', 'Family']"
1045,45,,['Thriller']
1046,46,,"['Horror', 'Sci-Fi', 'Thriller']"
1047,47,,"['Horror', 'Romance', 'Family']"
1048,48,,"['Thriller', 'Crime', 'Family']"
1049,49,,['Fantasy']
1050,50,,['Action']
1051,51,,"['Horror', 'Romance', 'Thriller']"
1052,52,,"['Romance', 'Animation']"
1053,53,,"['Drama', 'Family']"
1054,54,,"['Comedy', 'Romance']"
1055,55,,"['Action', 'Drama', 'Sci-Fi']"
1056,56,,"['Romance', 'Thriller', 'Mystery']"
1057,57,,"['Drama', 'Horror', 'Crime']"
1058,58,,['Crime']
1059,59,,"['Fantasy', 'Family']"
1060,60,,['Sci-Fi']
1061,61,,['Sci-Fi']
1062,62,,"['Sci-Fi', 'Thriller', 'Animation']"
1063,63,,"['Romance', 'Crime']"
1064,64,,"['Romance', 'Family']"
1065,65,,"['Drama', 'Romance', 'Sci-Fi']"
1066,66,,"['Horror', 'Mystery']"
1067,67,,"['Comedy', 'Romance', 'Animation']"
1068,68,,['Drama']
1069,69,,"['Fantasy', 'Mystery']"
1070,70,,['Crime']
1071,71,,"['Action', 'Animation']"
1072,72,,['Thriller']
1073,73,,"['Mystery', 'Animation', 'Family']"
1074,74,,"['Adventure', 'Thriller']"
1075,75,,['Fantasy']
1076,76,,"['Drama', 'Thriller']"
1077,77,,['Action']
1078,78,,"['Action', 'Thriller']"
1079,79,,['Drama']
1080,80,,"['Thriller', 'Fantasy', 'Animation']"
1081,81,,"['Romance', 'Animation']"
1082,82,,['Fantasy']
1083,83,,"['Adventure', 'Mystery', 'Animation']"
1084,84,,['Drama']
1085,85,,['Animation']
1086,86,,"['Comedy', 'Crime']"
1087,87,,"['Action', 'Fantasy']"
1088,88,,"['Action', 'Sci-Fi', 'Crime']"
1089,89,,"['Mystery', 'Family']"
1090,90,,['Adventure']
1091,91,,"['Fantasy', 'Family']"
1092,92,,"['Adventure', 'Family']"
1093,93,,"['Comedy', 'Thriller', 'Family']"
1094,94,,"['Adventure', 'Sci-Fi', 'Mystery']"
1095,95,,"['Comedy', 'Mystery']"
1096,96,,"['Comedy', 'Horror', 'Mystery']"
1097,97,,['Adventure']
1098,98,,['Horror']
1099,99,,"['Drama', 'Sci-Fi', 'Family']"
1100,100,,['Action']
1101,101,,['Mystery']
1102,102,,['Comedy']
1103,103,,"['Crime', 'Animation']"
1104,104,,"['Drama', 'Romance', 'Family']"
1105,105,,['Action']
1106,106,,"['Action', 'Family']"
1107,107,,"['Sci-Fi', 'Thriller', 'Fantasy']"
1108,108,,"['Action', 'Mystery', 'Crime']"
1109,109,,['Sci-Fi']
1110,110,,"['Comedy', 'Drama']"
1111,111,,"['Fantasy', 'Family']"
1112,112,,"['Action', 'Mystery']"
1113,113,,"['Adventure', 'Romance']"
1114,114,,"['Comedy', 'Horror', 'Thriller']"
1115,115,,"['Sci-Fi', 'Fantasy']"
1116,116,,['Comedy']
1117,117,,"['Crime', 'Animation']"
1118,118,,"['Action', 'Adventure', 'Animation']"
1119,119,,['Adventure']
1120,120,,"['Action', 'Thriller']"
1121,121,,['Family']
1122,122,,"['Adventure', 'Crime']"
1123,123,,"['Action', 'Thriller', 'Crime']"
1124,124,,['Drama']
1125,125,,"['Adventure', 'Drama']"
1126,126,,"['Horror', 'Fantasy']"
1127,127,,['Horror']
1128,128,,"['Drama', 'Horror', 'Crime']"
1129,129,,"['Drama', 'Horror', 'Sci-Fi']"
1130,130,,"['Thriller', 'Fantasy']"
1131,131,,"['Horror', 'Fantasy']"
1132,132,,"['Action', 'Mystery']"
1133,133,,"['Drama', 'Horror']"
1134,134,,['Adventure']
1135,135,,"['Sci-Fi', 'Family']"
1136,136,,"['Action', 'Animation', 'Family']"
1137,137,,['Fantasy']
1138,138,,['Adventure']
1139,139,,"['Comedy', 'Family']"
1140,140,,['Comedy']
1141,141,,"['Adventure', 'Family']"
1142,142,,['Thriller']
1143,143,,"['Action', 'Drama', 'Romance']"
1144,144,,"['Action', 'Mystery']"
1145,145,,"['Fantasy', 'Mystery']"
1146,146,,['Romance']
1147,147,,"['Romance', 'Sci-Fi', 'Animation']"
1148,148,,['Sci-Fi']
1149,149,,"['Action', 'Family']"
1150,150,,['Sci-Fi']
1151,151,,"['Action', 'Romance']"
1152,152,,"['Drama', 'Crime']"
1153,153,,"['Adventure', 'Drama', 'Sci-Fi']"
1154,154,,"['Drama', 'Crime', 'Family']"
1155,155,,"['Action', 'Family']"
1156,156,,['Romance']
1157,157,,"['Comedy', 'Romance', 'Mystery']"
1158,158,,"['Action', 'Crime']"
1159,159,,"['Adventure', 'Family']"
1160,160,,"['Adventure', 'Sci-Fi', 'Thriller']"
1161,161,,['Mystery']
1162,162,,"['Comedy', 'Thriller', 'Family']"
1163,163,,"['Horror', 'Family']"
1164,164,,"['Adventure', 'Drama']"
1165,165,,"['Fantasy', 'Family']"
1166,166,,"['Comedy', 'Fantasy']"
1167,167,,['Fantasy']
1168,168,,"['Romance', 'Thriller']"
1169,169,,['Romance']
1170,170,,"['Comedy', 'Thriller', 'Mystery']"
1171,171,,['Mystery']
1172,172,,"['Fantasy', 'Crime']"
1173,173,,['Family']
1174,174,,"['Drama', 'Mystery']"
1175,175,,['Thriller']
1176,176,,['Drama']
1177,177,,['Animation']
1178,178,,"['Adventure', 'Thriller', 'Crime']"
1179,179,,"['Romance', 'Fantasy', 'Animation']"
1180,180,,['Animation']
1181,181,,"['Action', 'Animation', 'Family']"
1182,182,,"['Action', 'Romance', 'Crime']"
1183,183,,"['Romance', 'Crime', 'Family']"
1184,184,,"['Romance', 'Sci-Fi']"
1185,185,,"['Romance', 'Mystery']"
1186,186,,['Thriller']
1187,187,,"['Action', 'Adventure', 'Romance']"
1188,188,,['Animation']
1189,189,,['Animation']
1190,190,,['Family']
1191,191,,"['Adventure', 'Drama', 'Fantasy']"
1192,192,,"['Romance', 'Animation']"
1193,193,,"['Action', 'Crime', 'Animation']"
1194,194,,['Crime']
1195,195,,"['Romance', 'Mystery']"
1196,196,,"['Horror', 'Thriller', 'Crime']"
1197,197,,"['Action', 'Sci-Fi', 'Animation']"
1198,198,,['Fantasy']
1199,199,,['Romance']
1200,200,,"['Horror', 'Fantasy']"
1201,201,,"['Sci-Fi', 'Thriller', 'Crime']"
1202,202,,"['Horror', 'Animation']"
1203,203,,"['Thriller', 'Mystery']"
1204,204,,"['Action', 'Fantasy']"
1205,205,,"['Drama', 'Crime', 'Family']"
1206,206,,"['Adventure', 'Thriller', 'Animation']"
1207,207,,['Adventure']
1208,208,,"['Adventure', 'Thriller', 'Family']"
1209,209,,"['Comedy', 'Drama', 'Romance']"
1210,210,,"['Action', 'Drama', 'Horror']"
1211,211,,"['Sci-Fi', 'Animation']"
1212,212,,"['Comedy', 'Drama', 'Mystery']"
1213,213,,"['Action', 'Animation', 'Family']"
1214,214,,['Family']
1215,215,,['Adventure']
1216,216,,['Thriller']
1217,217,,"['Sci-Fi', 'Mystery']"
1218,218,,"['Adventure', 'Thriller', 'Crime']"
1219,219,,"['Adventure', 'Thriller', 'Family']"
1220,220,,['Romance']
1221,221,,"['Action', 'Animation']"
1222,222,,['Animation']
1223,223,,"['Horror', 'Animation']"
1224,224,,"['Comedy', 'Crime']"
1225,225,,"['Adventure', 'Fantasy', 'Crime']"
1226,226,,"['Drama', 'Thriller', 'Mystery']"
1227,227,,['Animation']
1228,228,,['Crime']
1229,229,,['Family']
1230,230,,"['Action', 'Romance', 'Mystery']"
1231,231,,"['Horror', 'Romance']"
1232,232,,"['Romance', 'Fantasy']"
1233,233,,"['Fantasy', 'Animation', 'Family']"
1234,234,,"['Adventure', 'Family']"
1235,235,,['Mystery']
1236,236,,"['Comedy', 'Sci-Fi', 'Animation']"
1237,237,,"['Drama', 'Crime', 'Animation']"
1238,238,,"['Sci-Fi', 'Thriller']"
1239,239,,['Drama']
1240,240,,"['Adventure', 'Romance', 'Sci-Fi']"
1241,241,,"['Comedy', 'Fantasy', 'Mystery']"
1242,242,,"['Action', 'Mystery']"
1243,243,,"['Crime', 'Family']"
1244,244,,['Fantasy']
1245,245,,['Sci-Fi']
1246,246,,"['Horror', 'Sci-Fi', 'Thriller']"
1247,247,,"['Action', 'Comedy', 'Thriller']"
1248,248,,"['Fantasy', 'Crime']"
1249,249,,['Action']
1250,250,,"['Thriller', 'Mystery']"
1251,251,,"['Action', 'Romance', 'Sci-Fi']"
1252,252,,"['Fantasy', 'Mystery']"
1253,253,,"['Adventure', 'Fantasy']"
1254,254,,"['Comedy', 'Drama', 'Thriller']"
1255,255,,"['Crime', 'Family']"
1256,256,,"['Comedy', 'Romance']"
1257,257,,['Comedy']
1258,258,,['Comedy']
1259,259,,['Horror']
1260,260,,['Action']
1261,261,,"['Horror', 'Mystery']"
1262,262,,"['Romance', 'Crime']"
1263,263,,"['Sci-Fi', 'Animation']"
1264,264,,"['Action', 'Sci-Fi', 'Fantasy']"
1265,265,,['Drama']
1266,266,,['Comedy']
1267,267,,"['Horror', 'Mystery', 'Animation']"
1268,268,,"['Comedy', 'Drama', 'Horror']"
1269,269,,"['Mystery', 'Family']"
1270,270,,"['Horror', 'Romance', 'Sci-Fi']"
1271,271,,['Action']
1272,272,,"['Sci-Fi', 'Animation']"
1273,273,,"['Horror', 'Crime']"
1274,274,,['Romance']
1275,275,,"['Action', 'Adventure', 'Animation']"
1276,276,,['Drama']
1277,277,,"['Romance', 'Crime']"
1278,278,,"['Horror', 'Thriller', 'Animation']"
1279,279,,"['Adventure', 'Animation']"
1280,280,,"['Mystery', 'Crime']"
1281,281,,['Horror']
1282,282,,['Action']
1283,283,,['Romance']
1284,284,,['Drama']
1285,285,,"['Sci-Fi', 'Thriller']"
1286,286,,"['Romance', 'Fantasy']"
1287,287,,['Drama']
1288,288,,"['Adventure', 'Horror', 'Thriller']"
1289,289,,"['Drama', 'Fantasy', 'Family']"
1290,290,,"['Adventure', 'Family']"
1291,291,,['Animation']
1292,292,,"['Sci-Fi', 'Thriller', 'Mystery']"
1293,293,,"['Fantasy', 'Animation']"
1294,294,,"['Adventure', 'Fantasy', 'Mystery']"
1295,295,,['Horror']
1296,296,,"['Comedy', 'Drama']"
1297,297,,"['Drama', 'Thriller']"
1298,298,,['Mystery']
1299,299,,['Crime']
1300,300,,['Sci-Fi']
1301,301,,['Sci-Fi']
1302,302,,['Action']
1303,303,,"['Animation', 'Family']"
1304,304,,['Fantasy']
1305,305,,"['Mystery', 'Crime']"
1306,306,,"['Mystery', 'Crime', 'Family']"
1307,307,,"['Fantasy', 'Mystery']"
1308,308,,"['Fantasy', 'Crime']"
1309,309,,"['Drama', 'Horror']"
1310,310,,"['Comedy', 'Romance', 'Thriller']"
1311,311,,"['Drama', 'Thriller', 'Fantasy']"
1312,312,,"['Drama', 'Animation']"
1313,313,,"['Thriller', 'Fantasy', 'Animation']"
1314,314,,"['Romance', 'Thriller']"
1315,315,,"['Adventure', 'Drama', 'Crime']"
1316,316,,"['Thriller', 'Crime']"
1317,317,,"['Drama', 'Thriller', 'Mystery']"
1318,318,,"['Comedy', 'Drama', 'Mystery']"
1319,319,,"['Action', 'Adventure']"
1320,320,,['Action']
1321,321,,['Comedy']
1322,322,,"['Drama', 'Family']"
1323,323,,"['Horror', 'Thriller']"
1324,324,,"['Adventure', 'Drama']"
1325,325,,"['Comedy', 'Drama']"
1326,326,,"['Thriller', 'Family']"
1327,327,,"['Action', 'Romance', 'Crime']"
1328,328,,"['Comedy', 'Fantasy', 'Mystery']"
1329,329,,['Horror']
1330,330,,"['Thriller', 'Mystery', 'Crime']"
1331,331,,"['Sci-Fi', 'Mystery']"
1332,332,,"['Action', 'Horror']"
1333,333,,"['Comedy', 'Fantasy', 'Mystery']"
1334,334,,['Adventure']
1335,335,,"['Action', 'Horror']"
1336,336,,"['Action', 'Sci-Fi', 'Crime']"
1337,337,,"['Adventure', 'Drama', 'Family']"
1338,338,,"['Comedy', 'Drama', 'Fantasy']"
1339,339,,"['Comedy', 'Fantasy', 'Mystery']"
1340,340,,"['Mystery', 'Animation']"
1341,341,,"['Horror', 'Sci-Fi', 'Crime']"
1342,342,,"['Drama', 'Crime']"
1343,343,,['Crime']
1344,344,,"['Action', 'Drama', 'Animation']"
1345,345,,"['Adventure', 'Mystery', 'Crime']"
1346,346,,"['Action', 'Mystery', 'Family']"
1347,347,,['Fantasy']
1348,348,,"['Drama', 'Horror']"
1349,349,,['Romance']
1350,350,,['Action']
1351,351,,"['Thriller', 'Crime']"
1352,352,,"['Action', 'Thriller', 'Family']"
1353,353,,['Thriller']
1354,354,,"['Comedy', 'Animation']"
1355,355,,"['Drama', 'Horror', 'Fantasy']"
1356,356,,"['Adventure', 'Comedy']"
1357,357,,"['Comedy', 'Sci-Fi']"
1358,358,,['Animation']
1359,359,,"['Adventure', 'Drama']"
1360,360,,"['Romance', 'Crime']"
1361,361,,['Horror']
1362,362,,"['Horror', 'Thriller']"
1363,363,,"['Horror', 'Family']"
1364,364,,"['Comedy', 'Horror']"
1365,365,,['Sci-Fi']
1366,366,,"['Horror', 'Fantasy']"
1367,367,,"['Adventure', 'Family']"
1368,368,,['Horror']
1369,369,,"['Comedy', 'Sci-Fi']"
1370,370,,"['Action', 'Comedy', 'Family']"
1371,371,,['Animation']
1372,372,,['Thriller']
1373,373,,['Adventure']
1374,374,,['Sci-Fi']
1375,375,,"['Drama', 'Fantasy']"
1376,376,,['Romance']
1377,377,,['Drama']
1378,378,,"['Horror', 'Thriller', 'Crime']"
1379,379,,"['Action', 'Comedy', 'Crime']"
1380,380,,"['Romance', 'Sci-Fi', 'Fantasy']"
1381,381,,"['Action', 'Animation', 'Family']"
1382,382,,"['Drama', 'Horror']"
1383,383,,"['Comedy', 'Drama', 'Animation']"
1384,384,,['Romance']
1385,385,,"['Mystery', 'Crime']"
1386,386,,['Sci-Fi']
1387,387,,"['Drama', 'Thriller']"
1388,388,,['Fantasy']
1389,389,,"['Action', 'Family']"
1390,390,,"['Drama', 'Romance', 'Sci-Fi']"
1391,391,,"['Crime', 'Family']"
1392,392,,['Romance']
1393,393,,['Thriller']
1394,394,,"['Sci-Fi', 'Mystery', 'Crime']"
1395,395,,"['Adventure', 'Fantasy']"
1396,396,,"['Horror', 'Mystery', 'Crime']"
1397,397,,['Comedy']
1398,398,,['Crime']
1399,399,,['Action']
1400,400,,"['Thriller', 'Crime', 'Family']"
1401,401,,"['Horror', 'Sci-Fi']"
1402,402,,"['Thriller', 'Crime', 'Family']"
1403,403,,"['Thriller', 'Crime']"
1404,404,,['Comedy']
1405,405,,"['Comedy', 'Crime']"
1406,406,,"['Horror', 'Romance', 'Animation']"
1407,407,,['Sci-Fi']
1408,408,,['Drama']
1409,409,,['Mystery']
1410,410,,['Action']
1411,411,,['Romance']
1412,412,,['Adventure']
1413,413,,"['Drama', 'Horror', 'Sci-Fi']"
1414,414,,"['Mystery', 'Animation', 'Family']"
1415,415,,['Action']
1416,416,,"['Thriller', 'Mystery']"
1417,417,,"['Adventure', 'Horror', 'Mystery']"
1418,418,,"['Mystery', 'Crime']"
1419,419,,"['Horror', 'Sci-Fi', 'Thriller']"
1420,420,,"['Comedy', 'Horror', 'Romance']"
1421,421,,"['Comedy', 'Sci-Fi', 'Thriller']"
1422,422,,"['Adventure', 'Drama', 'Crime']"
1423,423,,"['Comedy', 'Drama', 'Fantasy']"
1424,424,,"['Horror', 'Thriller', 'Crime']"
1425,425,,['Romance']
1426,426,,"['Romance', 'Sci-Fi']"
1427,427,,['Thriller']
1428,428,,"['Action', 'Drama', 'Romance']"
1429,429,,"['Adventure', 'Drama', 'Crime']"
1430,430,,"['Sci-Fi', 'Thriller', 'Family']"
1431,431,,"['Sci-Fi', 'Mystery']"
1432,432,,['Romance']
1433,433,,"['Romance', 'Thriller', 'Crime']"
1434,434,,"['Action', 'Horror']"
1435,435,,"['Drama', 'Animation']"
1436,436,,"['Comedy', 'Thriller', 'Family']"
1437,437,,['Drama']
1438,438,,"['Adventure', 'Sci-Fi']"
1439,439,,"['Action', 'Drama', 'Crime']"
1440,440,,"['Romance', 'Sci-Fi']"
1441,441,,['Crime']
1442,442,,"['Action', 'Thriller']"
1443,443,,['Sci-Fi']
1444,444,,['Romance']
1445,445,,['Adventure']
1446,446,,"['Action', 'Fantasy']"
1447,447,,['Fantasy']
1448,448,,"['Comedy', 'Thriller']"
1449,449,,['Mystery']
1450,450,,['Action']
1451,451,,"['Comedy', 'Horror', 'Animation']"
1452,452,,"['Action', 'Horror', 'Romance']"
1453,453,,['Thriller']
1454,454,,"['Sci-Fi', 'Fantasy']"
1455,455,,['Adventure']
1456,456,,"['Drama', 'Mystery', 'Crime']"
1457,457,,['Horror']
1458,458,,['Crime']
1459,459,,"['Sci-Fi', 'Mystery']"
1460,460,,['Thriller']
1461,461,,"['Crime', 'Animation']"
1462,462,,"['Adventure', 'Crime', 'Animation']"
1463,463,,"['Thriller', 'Crime']"
1464,464,,"['Comedy', 'Thriller', 'Animation']"
1465,465,,"['Comedy', 'Sci-Fi', 'Animation']"
1466,466,,"['Action', 'Mystery', 'Family']"
1467,467,,"['Adventure', 'Drama']"
1468,468,,"['Horror', 'Crime']"
1469,469,,"['Adventure', 'Sci-Fi']"
1470,470,,"['Action', 'Sci-Fi', 'Mystery']"
1471,471,,"['Comedy', 'Drama']"
1472,472,,['Comedy']
1473,473,,"['Action', 'Fantasy', 'Crime']"
1474,474,,['Action']
1475,475,,"['Drama', 'Thriller', 'Family']"
1476,476,,['Drama']
1477,477,,['Horror']
1478,478,,['Comedy']
1479,479,,"['Romance', 'Crime']"
1480,480,,"['Action', 'Adventure', 'Family']"
1481,481,,"['Action', 'Romance', 'Sci-Fi']"
1482,482,,"['Romance', 'Family']"
1483,483,,['Comedy']
1484,484,,['Romance']
1485,485,,"['Fantasy', 'Family']"
1486,486,,"['Drama', 'Family']"
1487,487,,"['Action', 'Romance', 'Sci-Fi']"
1488,488,,"['Drama', 'Fantasy']"
1489,489,,['Animation']
1490,490,,"['Adventure', 'Fantasy', 'Crime']"
1491,491,,"['Action', 'Adventure']"
1492,492,,['Romance']
1493,493,,"['Fantasy', 'Crime']"
1494,494,,['Thriller']
1495,495,,"['Fantasy', 'Crime']"
1496,496,,"['Drama', 'Mystery', 'Crime']"
1497,497,,"['Adventure', 'Drama']"
1498,498,,"['Romance', 'Fantasy']"
1499,499,,['Thriller']
1500,500,,['Comedy']
