FilmTitle,TotalWatchTime
Off top.,7595.0
Human wonder.,6614.0
Over bag sign.,4696.0
Paper everybody.,9643.0
Pull show.,6766.0
Fine that.,15403.0
Teach fly.,10019.0
Major edge around because.,9939.0
Deal.,11191.0
Concern.,16790.0
Much listen.,8502.0
Movement somebody go.,6301.0
Herself establish card.,6278.0
Everybody environment reflect out.,12224.0
Popular everything.,13737.0
Southern.,4164.0
Owner security so.,12032.0
Life commercial team.,14082.0
Among size avoid.,17490.0
But issue.,5832.0
Will collection.,11247.0
Garden party.,8027.0
Civil guess per.,10161.0
Play red others skill.,12422.0
Can especially middle.,4498.0
About method Congress interest.,4566.0
Country fly to use.,10699.0
Choice.,14920.0
Art history site red.,4498.0
Resource.,6578.0
Government finish.,8278.0
Fund become teacher.,10341.0
Red including city.,3785.0
Establish black meet.,7020.0
Together.,14823.0
Partner drug dinner.,16748.0
Pass.,4711.0
Stop include personal land.,18735.0
Program through.,7344.0
Ten structure part.,7691.0
Morning oil.,11269.0
Instead room.,4698.0
Light major like movie.,3197.0
Book this then.,18872.0
Mission risk available.,3278.0
East force.,9504.0
Partner road.,14647.0
Speech list take.,7055.0
Husband process up.,12060.0
Glass until.,7941.0
Strategy current.,7766.0
Me wife.,4786.0
Quality.,6294.0
General single ask.,12642.0
Camera give.,2626.0
Good today.,4380.0
Television change.,15445.0
Dark represent study hour.,5059.0
Picture home heart power.,4078.0
Road throughout whether.,10290.0
Body special explain.,3712.0
Their maybe.,3997.0
Matter garden.,5626.0
Young letter question so.,12855.0
Lay to plan.,13850.0
Available end agreement.,11472.0
Need enough partner.,15082.0
Just religious present.,3012.0
Course guess keep.,7996.0
Mention or.,6999.0
Record as form.,16156.0
Oil agent simply.,12738.0
Speak now produce.,7480.0
Finally trial measure her.,4916.0
Bill sister common.,6798.0
Us include maintain.,8307.0
Reality enter color.,12453.0
Still lead any.,8794.0
Area.,6637.0
Send responsibility behavior.,8351.0
Direction medical.,6804.0
Side number.,9851.0
Night as local.,3942.0
Analysis nor.,8633.0
Choice red toward.,11966.0
Admit real early.,5669.0
Care all who.,10995.0
Example option move finish.,20108.0
Local so.,11513.0
Bit after relationship.,5499.0
Police trial.,5713.0
Room.,6223.0
Person street eat.,2915.0
Mrs allow network.,3748.0
Late might institution.,3651.0
Mention development.,8021.0
Method establish property hand.,17827.0
Final yes tonight.,6104.0
Nice save administration.,20251.0
Save put degree.,14046.0
Too speech.,10247.0
Study scientist.,5583.0
First surface.,13141.0
Result.,2581.0
Animal.,11870.0
Work could.,9261.0
Gas guy exactly role.,8814.0
Mr full wife.,9865.0
Should line.,6018.0
Able full condition.,7533.0
Do popular discover Congress.,4221.0
President offer statement.,13462.0
Me cold right.,21138.0
Always left result.,7478.0
Gun.,8297.0
Evidence wish break.,9666.0
Population operation.,14878.0
Participant enjoy prevent.,12754.0
Relate.,17817.0
Reduce nothing quite.,6732.0
Goal democratic.,3038.0
Argue necessary debate.,6583.0
So seem.,7830.0
Production garden.,6485.0
Animal guess follow.,8997.0
Control black.,6996.0
Picture staff.,3035.0
Force break result church.,9558.0
Whole.,5210.0
Fast risk.,8654.0
First radio across.,8947.0
Front could.,11020.0
Next different between challenge.,15219.0
Together anyone.,4324.0
Item however beautiful.,9486.0
Only accept.,2700.0
Campaign several.,11032.0
Beyond together perhaps.,4863.0
Speak open.,7396.0
Interest feel.,5321.0
Put.,8294.0
Clearly business.,11711.0
Two.,7337.0
Which.,12930.0
Fear eat effect.,11026.0
Sister any reveal.,7973.0
Six cell character.,6516.0
Throw laugh seek.,16252.0
Interview institution.,9951.0
Pretty anything.,4347.0
Environmental easy activity government.,6991.0
Meet pick.,7589.0
Scientist say.,7511.0
On bar defense.,9076.0
Suffer there condition.,7748.0
Idea well then.,11797.0
Individual college will.,5817.0
Everyone sport.,2816.0
Product often modern.,5793.0
Past probably.,2427.0
Pull behind.,9056.0
Play economic space.,18301.0
Size scene.,8562.0
Pressure newspaper speak into.,14916.0
Third.,1931.0
Seek floor.,5547.0
Worker ahead sound.,13281.0
House none poor.,4067.0
That parent your coach.,4930.0
