userID,password,email,age,countryID,phoneNumber,creditCardID,name
1,)u&UZwI(Q!7r,hhanson@example.net,,149,812-465-2827x0969,170,Angel Clark
2,!hN9wjNx(i)c,perezjohn@example.com,,183,+1-639-302-1066x5332,298,Anna Bradford
3,j8olLrWeV(E7,sydney58@example.net,,85,770-603-4146x492,430,Spencer Allen
4,%bkwEzAxD8D3,fbryan@example.com,,24,603-774-3565x81660,361,Brian Johnson
5,$pstWrqLC7@L,jennifer46@example.org,,39,(899)947-5332,387,Kristy Parker
6,^)@78l4^i8Kg,davisjeffrey@example.com,,64,(342)864-3431,9,Kara Neal
7,D(0@GrTny^h@,jill84@example.com,,30,(929)446-3623x503,201,Ana Johnson
8,%7jR+gUz4T73,norrisstephanie@example.net,,193,532.326.2781x6627,415,Richard Lindsey
9,y3vNvKvIp#T#,jeffreynash@example.org,,23,(825)879-3905,163,Luis Schneider
10,S$6lwBLv$2L0,jonescassandra@example.net,,62,(272)237-8346x2323,275,Martha Love
11,!3G06n(B8c#k,ufoley@example.com,,11,+1-253-793-4761x72401,260,Roy Nielsen
12,C2q6Rb8A^kNO,kellygregory@example.org,,126,001-447-297-9388x73505,494,Jack Hayes
13,H4I6d3_Y&@Jt,myerslisa@example.org,,90,(844)684-0884x53415,428,Michelle Kennedy
14,J4KKaO3zrNs&,angela85@example.org,,25,589.939.6591x08938,221,Gary Brown
15,#N9miNNvVXdW,annette00@example.com,,87,001-836-766-8103x9145,300,Katie Collins
16,F!bTm5w1$6DJ,emilymckinney@example.org,,152,+1-425-513-7829x79035,419,Penny Jackson
17,_dZochyV6y2I,jonathan02@example.org,,177,001-359-944-6524x9668,375,Jessica Smith
18,Eq!xWyecv@13,williamsjoseph@example.net,,97,(923)749-6778x74284,85,Taylor Montoya
19,*y*ZuldFNqv5,erica07@example.net,,10,4654262896,201,Veronica Harrison
20,Nx0B$*HL#9Xv,morrowrussell@example.net,,166,(700)359-4032x946,437,Samantha Spencer
21,g$qT8C6rhN8!,huffmanadriana@example.com,,7,+1-243-929-8048x5288,476,Jeffrey Hardy
22,Z!1I6y_wKF8H,sara93@example.com,,43,+1-444-511-3197x028,96,William Burton
23,9^%3%wpGxuZe,marksjohn@example.net,,6,(934)891-4303,237,Mark Benson
24,4#b!oXy@8JMI,callahanmarc@example.com,,61,(612)734-2491x98827,374,Audrey White
25,f2K62RZd#Jma,jeremy87@example.org,,70,001-648-289-6999x4172,11,Jessica Ramirez
26,%967Y@SwfA^C,michaelgutierrez@example.org,,65,(740)791-2946,247,Nicole Baird
27,L)yI8Qxc8Z_S,williamsonjoshua@example.net,,92,6494110718,432,Jennifer Foster
28,uRC(84i0o%Dx,dana85@example.org,,3,562.216.1668x276,199,Amanda Cannon
29,L$K3O8pRWvIQ,austingary@example.org,,58,001-496-370-4256x019,105,Raymond Baker
30,#)1PxmCIBw$8,nstone@example.net,,91,352-658-6426x6053,64,Garrett Wheeler
31,!A^t(PjkXRV4,greendonna@example.com,,39,297-447-1362x00480,198,Bryce Tucker
32,KzHa3Tkr_%x^,ctaylor@example.org,,45,001-825-735-4239x0074,441,Travis Chavez
33,#od3DuBGf9XC,spencerhickman@example.org,,80,936-291-4265x646,252,Heidi Buck
34,8JT30C0x+WwY,twalls@example.com,,81,001-569-279-0452x63811,404,Samuel Owens
35,&@)%B7p9g6qU,tanya85@example.org,,120,685-285-7250,146,Charles Rivers
36,#H1Ifh#!dc+l,tara99@example.net,,172,798-325-3562x02875,238,Victor Perez
37,@1W^tqBEyLUP,amandapeterson@example.org,,86,979.686.8858,219,Michael Mendez
38,*_SMgVcBe34i,keithnewman@example.net,,175,+1-800-979-1455x7545,213,Darlene Hicks
39,k&DHGazLD!97,ronald15@example.com,,89,+1-486-272-3141,157,Jacqueline Rodriguez
40,M*HoFbQ7wd15,melissa02@example.org,,30,696.492.7184x980,304,Thomas Nelson
41,a_uEzVkr6B7$,jamesdavid@example.com,,8,925-417-5279x270,368,Gerald Duarte
42,l!i3IzTi$Fvt,nicole91@example.com,,65,879.621.8044x5595,398,Michael Anderson
43,B_Q(Dv+cxj7P,woodardmakayla@example.net,,19,(569)566-6215x81326,281,Heather Smith
44,Nr7(HOadjj%W,rthompson@example.net,,36,9089386901,362,Timothy Wright
45,%iEt_yXhEX7V,rodriguezgary@example.org,,152,001-389-252-2217,141,Chad Hess
46,Zo&9^ZeK_0c8,archerterrence@example.net,,43,(559)529-2992x64376,233,Stephen Jones
47,l5cK1EqB$6s2,williamssteven@example.net,,108,7368811647,146,Kevin Johnson
48,Q+#waszFS7Ag,zchristian@example.net,,79,5984026171,351,Mary Kelly
49,&K0sP87n@Iu5,flong@example.com,,5,(977)647-9604,49,Sarah Phillips
50,bNoKY*elF@8d,pvasquez@example.net,,70,922-689-4526,62,Cristina Sanchez
51,W)*!FbVu*8u5,lisagonzalez@example.net,,6,610-788-2895x722,211,Ms. Amanda Sawyer
52,&90NlhlNDz1Z,rachel89@example.net,,137,580.845.0163x0059,165,Rebecca Crawford
53,+MxA@qxq((7d,cindyyoung@example.net,,146,(779)700-0258,13,Melissa Rose
54,M9xj*kll)vZ^,ianderson@example.net,,178,+1-926-420-1060,80,Alexis Greene
55,$S)NamE2kg2y,bcross@example.com,,119,001-992-284-2648x5517,302,Mark Hines
56,J8TU!a1d^mTc,xmedina@example.org,,48,001-674-527-5328x730,157,Courtney Riley
57,8+Ws2CKlZ@PO,jamesmurray@example.org,,152,+1-305-753-5447x8006,461,Matthew Wright IV
58,ijf(nIYUa0ZA,stephanie22@example.org,,1,(224)352-8401,468,Sherry Turner
59,VZ%FdZtx+0OG,cnelson@example.net,,14,+1-938-577-5167x3647,251,Richard Spears
60,Bb2OC^uQd(gO,rogerscharlene@example.org,,144,+1-215-845-6914x892,442,Samuel Vance
61,%w7gouC(bLHY,adamsjodi@example.net,,109,(317)893-5262x952,358,Donald Munoz
62,5D+5Ib1W8yl),daniel08@example.com,,1,(658)826-2155x12584,269,James Foster
63,F3GB7_aErY*@,rsimmons@example.com,,39,(307)697-9261x863,98,Brett Davis
64,#xRsa0m*68jc,christopherlawson@example.com,,36,001-294-959-5984x15102,167,Carlos Anderson
65,4RZ0szNI)P9u,elizabeth16@example.org,,50,373.919.4646x09063,332,Jacob Thomas
66,wSAR!7rT*8V0,dustinlawrence@example.org,,127,272-828-9341,36,Devon Strickland
67,PS#$PeFrI2@O,obauer@example.com,,103,001-729-919-6854x762,450,Brian Perez
68,tN*80Bdjal4@,paige56@example.org,,79,001-239-349-3981x74264,177,James Rodriguez
69,hgsCTvzV@0c(,thudson@example.org,,101,001-457-934-3725,191,Jose Bush
70,^wGElGbcCN9k,jeremyhughes@example.com,,122,6417453741,304,Jacqueline Rubio
71,DKL4etMiW#bm,ramirezshelly@example.com,,188,635.629.7742x700,438,Peter Clark
72,%xfVCl!c^1Ai,cochrandavid@example.net,,26,718-917-5972x2788,138,Bruce Davis
73,uDYSL7)j+0o+,bruce89@example.org,,195,(388)873-2179x68408,377,Dr. Donna Browning
74,g$8#Nf)Loo++,cookdanielle@example.org,,130,+1-547-967-4286x157,411,Catherine Rivera
75,7P1EceyNX@lZ,barbara74@example.com,,70,510-606-0959x9504,261,James Harvey
76,HNnay$$ns_p8,owilliams@example.org,,50,001-393-542-2681,187,Samuel Grant
77,6xymYYmH*S&4,smithpatricia@example.org,,67,545.539.3640x237,132,Judy Wong
78,_M#*4JZfgzd*,oestrada@example.net,,16,(319)601-4537,437,Ricky Delgado
79,&1m1_5kjvmYk,petersonbryan@example.com,,183,001-610-567-0358x4450,140,Jamie Cooper
80,C7DZHJvv!w#!,haleytaylor@example.net,,121,891-580-7955x8900,213,Victoria Murphy
81,Yw2bRo9xz$nd,tdavis@example.org,,149,+1-619-270-7153x4563,491,Matthew Phillips
82,LA%5_Odq^WSU,walkerautumn@example.org,,157,901-470-3172x6051,220,Holly Ware
83,)$I^f4NG+8Bw,lauratran@example.net,,59,(311)829-0117x5510,316,Molly Mccoy
84,y4)5Y!gkNT+h,jessica32@example.net,,179,+1-712-348-2051x318,133,Shelby Williams
85,(ueWo9tgKEU4,bestray@example.org,,72,425-280-2160x77396,71,Susan Turner DDS
86,H4VS1MiQ_(H(,wfoster@example.com,,49,356-668-5666,301,Erin Lambert
87,4!gR(Ug59z4&,vhuber@example.com,,90,+1-874-919-0117x002,494,Sean Ryan
88,D@Vs*Dnyezs7,mccanntiffany@example.net,,148,(620)824-6780x871,219,Robert Walter
89,BULj&wNa#K7H,batkinson@example.net,,58,001-768-334-3082x0707,93,Jon Williams
90,JAo0H4jc@s7J,kellyspencer@example.net,,84,(784)922-7951x9287,395,David Palmer
91,_ai8KAEk3hh0,kschneider@example.org,,108,001-487-597-1958x455,181,John Quinn
92,)$nMOZwa4+1m,harpernicole@example.com,,26,335.757.6080x823,314,Kevin Ramirez
93,u^dJeK1oAtE7,dixondonald@example.com,,73,(683)872-2483,38,Crystal Webster
94,2nC%iyO!C5yF,yblack@example.org,,168,001-431-618-0133x260,467,Peter Dickerson
95,GAZ4NmUm3_X(,heidiwall@example.org,,63,6842532899,223,Jason Oliver
96,n9M#IAT$$1hk,johnsonrodney@example.org,,167,+1-936-247-0257x588,395,James Moore
97,gC0_kRg&V)vH,rodgersjames@example.com,,154,+1-269-321-9143x383,98,Linda Rivera
98,*n6SZjVI8l&R,rwilliams@example.net,,7,970-937-2435x5595,239,James Richardson
99,B%2&HNAvm4%8,james40@example.org,,29,582.713.6735,187,Tabitha Anderson
100,4zXoDAMs_86K,wilkinstimothy@example.com,,2,9705092013,247,Melissa Carroll
101,3AOlX_Ve@9$1,jennifer95@example.org,,196,(950)411-3606x7869,218,Linda Mitchell
102,(hu0aOlJ^qL0,sharon05@example.org,,46,331-687-4100x69649,153,Brian Montoya
103,%r8Uw4SGdS&X,kellie79@example.com,,75,871.504.2610x022,60,Cassandra Nguyen
104,_2FAim_*TxlH,mmyers@example.com,,21,(586)655-7929,71,Martin Zavala
105,N)5G6#tr4tsh,amber20@example.net,,170,346.397.8098,249,Kimberly Alvarez
106,^W7Rd6%EP5wL,joshuahickman@example.net,,110,+1-846-731-9414x10738,277,Charles Vaughn
107,hw5^n1a$&MDT,william33@example.net,,37,+1-591-306-3135,308,George Hill
108,v0S+El58kK4a,wabbott@example.org,,149,926-484-6029x13266,340,Mrs. Toni Jones DDS
109,3e5SMei%(v4j,mitchelljohnson@example.org,,20,5979036589,491,Bradley Gutierrez
110,*8IbZVRpZ4S1,brendabrown@example.org,,47,571-259-6996x5397,415,Jennifer Krueger
111,6FbzNfana@I9,nlee@example.net,,189,263.440.7256,407,Brianna Patterson
112,_9n7q3%ipSEb,danieljones@example.net,,17,956.397.3383x019,228,Beth Lang
113,%q&fT2LxR5EV,aguirrestacy@example.org,,8,(234)704-5405x242,220,Luis Butler
114,%!FxWwdy0s+p,sandra84@example.net,,35,(411)961-4515,72,Jason Brown
115,)IveJPy3&9U1,rjohnson@example.net,,137,732.952.9246,171,Rodney Murray
116,xW310tak^*Bg,freemangerald@example.org,,26,600-228-3750,410,Anthony Martinez
117,s$2O2h$uh6pC,patrickwarren@example.com,,24,(533)600-8203,356,Devon Hooper
118,i3sUGWl$$q5j,anthonyjames@example.net,,180,215.957.5543x98572,385,Sarah Crawford
119,0#tTgb2n&mfG,mariacarter@example.org,,43,(793)366-5765,430,Jason Bradford
120,!VG7QhdX_WC9,ecoleman@example.net,,82,995-937-3532x536,300,Mary Hernandez
121,pz%+e4OkbX36,cainaustin@example.com,,98,558.655.9476x938,101,Joshua Washington
122,(0a@N!^lbAzX,fstewart@example.com,,41,423.592.9809x0709,2,Nicole Farmer
123,4Q3VAnnU9g*N,taylornorman@example.net,,148,946.554.9600x749,389,Diane Smith
124,S+Ok8Qy)$&uI,andersondalton@example.org,,151,(814)501-9892x29222,215,Rebecca Lyons
125,4+6%Y!sCU40$,bsullivan@example.net,,17,(234)499-2670,395,Crystal Koch
126,C_t5K1UerCZD,michaelbrown@example.com,,53,501-766-9205x534,27,Lisa Brown
127,Q51G(mtCK^au,johnsblake@example.com,,67,+1-208-797-6679x946,208,Pamela Bell
128,xj%6Pb*&h$_u,jesus84@example.org,,79,(555)460-2806,288,Stephanie Cannon
129,0$GQHbkc@5lT,hortonrobert@example.com,,126,571.525.7227x95740,67,Kristina Jones
130,_U2Zj^hTKdmV,eddie66@example.com,,156,564.616.7998,248,Michael Taylor
131,ySe6^Stz6&F2,timothy75@example.net,,115,(766)699-7130,61,Laurie Roberts
132,+^UlgeL%84m2,krystalking@example.com,,158,+1-316-720-8929x274,358,Thomas Roberson
133,WJi&279p9_c^,josephwalker@example.net,,87,(747)845-4670x24743,202,Jacob Nguyen II
134,6N*5ipWxe)2N,smithmegan@example.net,,193,(624)797-6534,159,Daniel Ortega
135,&v5I1JKfO0)W,john49@example.com,,111,(842)977-9711x231,480,Connie Fitzgerald
136,+3_qbyN9i23C,marysuarez@example.com,,14,268-616-4470x04658,213,Bryan Hill
137,_3Vibut)0lui,josemiller@example.org,,105,(271)397-8294,324,Cheyenne Finley
138,_7ADZWpq7J6F,pcarney@example.com,,21,419.607.2096x030,289,Christopher Tran
139,W+VuX8nd1!G@,kathrynsmith@example.org,,34,269-982-3332x270,442,Daniel Sellers
140,78SkIHJGMdV_,erinholmes@example.org,,86,2465229244,101,Andrew Heath
141,i(215qc(6)JL,baileyadam@example.net,,169,(787)658-3017x95055,204,Justin Howell
142,wVjn5RtDts(6,chavezjohn@example.com,,57,001-880-565-1752x9428,96,Michael Torres
143,p0QquB4A&imq,monica69@example.net,,15,(350)507-6503,334,Aaron Jacobs
144,CKV$o0Pw%GO@,michellemolina@example.com,,97,(379)521-5855x70530,439,Peter Jackson
145,@rEBo3Kr(^L#,cesarglover@example.com,,14,001-857-763-1938,17,Lee Garza
146,*hOCo!3vq5X0,joshua73@example.net,,171,+1-960-717-9081x7813,265,Kayla Morse
147,btqjR&DeA$5L,brian99@example.com,,168,001-673-922-3350x356,120,Marisa Zimmerman
148,EKy^fd*hu%14,beasleytiffany@example.net,,129,(253)805-9118x6359,121,Brian Rogers
149,Yd5QUeh(v@Lm,paula09@example.org,,62,001-212-987-8441x3248,273,Matthew Daniels
150,MM+G7RQtCA)o,nicoleclark@example.net,,153,+1-593-906-1401x19105,460,Ethan Woodward
151,!67y+Yr4%7wF,wilcoxchris@example.com,,131,745-782-3971,361,Terri Bennett
152,&7fFOKTv@sP7,wolfjennifer@example.net,,63,+1-713-621-3673x75351,360,Johnny Snyder
153,g4!5BimWa+cY,ahenderson@example.net,,7,285.462.2830,103,James Stephenson
154,tGAJze$c)i6k,oarnold@example.net,,169,+1-651-554-0109x3162,167,Sara Allen
155,yv7ZFti@T_tz,rscott@example.net,,92,776.668.1974,295,Ryan Escobar DDS
156,#y39Jpzj5lM6,foxkathleen@example.com,,57,+1-322-455-5739x633,51,Amanda Morris
157,@t7wtM49oPRN,angelanelson@example.org,,54,581-209-3801x179,318,Tonya Payne
158,X7ZPDxOD$dlo,emmamoore@example.com,,76,+1-241-609-7375x5673,500,Robert Bailey
159,0wF4D(ByN0n*,mandywhite@example.net,,97,+1-354-290-6314x19158,177,Michelle Dudley
160,@%)KUkatuem1,joshuawaters@example.org,,41,9356434595,396,Nicholas Harper
161,1p9gVYqQ+fpn,bonnie85@example.net,,5,001-228-569-2642x5633,374,Whitney Smith
162,#Emlbw6V!2bF,tuckerrachel@example.org,,195,001-326-479-1644x671,354,Michelle Jackson
163,&P7+sf38bFWC,kevin21@example.net,,65,(970)367-8957x66960,481,Edward Williams
164,_sRKV&6X$5Mk,harrisgabrielle@example.org,,55,355.847.6361x932,310,Douglas Petersen
165,3E%PeyWk^5EI,cynthiawebb@example.net,,79,6503757073,240,Brian Gray
166,o#f4!sUtOD9u,tammyschmidt@example.org,,139,7644995254,175,Karen Rose
167,!5Vf1N8w+Q@L,ereyes@example.com,,140,725.617.9861x84223,247,Sarah Day
168,2!1qertI%vF+,wardmary@example.com,,33,868.431.9816x8157,56,Brittany Mitchell
169,YY6JASak@s^F,fross@example.org,,82,808.534.6138x77686,16,Christine Martin
170,_aF0DOr)M)$w,ronald06@example.net,,23,001-410-925-5212x02180,75,Terry Reyes
171,L)3)iAjMpRUF,ahall@example.org,,22,789-421-1319x678,176,Stephanie Medina
172,2J5hjyLl*6l8,luis93@example.org,,128,9516056342,80,Thomas Johnson
173,IZ^EdGkQd&Y1,pbuchanan@example.com,,90,599-229-4257x84083,316,Bethany Evans
174,*n^0pDwM8$aZ,brooke17@example.net,,184,9633673368,278,Keith Hansen
175,pz+T7L_s2@l*,michaelfoster@example.com,,71,640-977-9287,466,Joe Harvey
176,!fEAx(e7WQ1R,jordan42@example.com,,144,406.765.8990,193,Kelly Ball
177,t#1eocFHMxo0,ralphross@example.org,,160,336-578-2597,443,Alicia Mckenzie
178,V#@U2&EuLhQv,bautistarandy@example.net,,16,529.490.6232,129,Kimberly Medina
179,*uYMlHdfX1Ga,whitejeremy@example.org,,85,001-965-513-0727x023,100,Austin Mann
180,Jps8Zx(k&(*L,ywalters@example.com,,24,253.580.8069,467,Michael Morton
181,Y)FrQYQyZAJ6,bellrobert@example.net,,181,(445)538-6186x920,356,Harry Ward
182,URB%(_x)_I8E,elizabethschaefer@example.org,,57,461-759-7242x657,127,Colton Alvarez
183,GKJK44Lf2+NH,catherine34@example.com,,6,6093326970,139,John Jimenez
184,b$0@Udg&N*N7,richard58@example.org,,132,536-932-6768,183,Randy Larsen
185,!1e8Wz6#$SjD,rachelfitzgerald@example.org,,102,539.650.8942x673,380,Alexandra Perez
186,fAvHM(3r(T5E,joshuamoreno@example.net,,47,001-943-548-5626,323,Dr. Anthony Moore Jr.
187,tiob0Sj7$90B,ojones@example.net,,161,399-809-1306,86,Troy Carter
188,*8D3sXkZm@(k,muellerthomas@example.com,,145,4586754848,124,Angelica Daniels
189,M0^Gqe&%C_1V,mmiller@example.com,,70,3392065769,115,Jonathan Cook
190,#QD4FuVt_y@!,gamblechase@example.com,,138,257-452-8056x2211,246,Angel Castillo
191,*y#wLoWlwZ3),millerronald@example.com,,126,632.650.9217x33589,107,Matthew Watson
192,2S7x(tkvw*1K,nchristian@example.com,,113,2885276931,332,Billy Santiago
193,JLVL0@k0Fu2(,ryanphillips@example.net,,76,(217)719-8100,159,Nicholas Snyder
194,H&VTjiOrB(2F,wbanks@example.net,,40,+1-689-732-5975,443,Adam Douglas Jr.
195,A9Jsuhb6__WO,donaldadams@example.org,,73,5055218590,92,Mario Mendez
196,_qSY4v+m(3*s,schmittmark@example.net,,14,+1-704-973-8768,225,Evelyn Dixon
197,!Qbc6yXz22GT,kforbes@example.com,,24,776.461.0145x50257,2,Anna Robinson
198,^gOiF&zP^1*l,karengill@example.net,,124,001-851-427-1994x8100,79,Debra Simon
199,K_a8Fl0bF%RR,ocombs@example.net,,25,+1-469-579-2892x38808,398,Alexandra Stewart DDS
200,*xkZYvxp3qNH,btodd@example.net,,90,(797)614-2219x638,328,Tammy Morales
201,qp5ngTks@uc9,bbell@example.org,,56,(891)896-5097x052,470,Richard Booth
202,V8fYSfAJ&0Vc,franciscohamilton@example.org,,36,618-361-6490x870,133,Juan Smith
203,&4FHIYrs)fV2,lesliepham@example.com,,159,+1-373-605-2353x1394,111,Caleb Bryan
204,JS6Z6TbXQH%$,amber72@example.net,,42,524.253.7359x823,219,Jonathan Smith
205,Z1ZvtwITtvG!,vincentlove@example.com,,22,+1-950-684-2170x288,301,David Harris
206,D3MWy7gO%4oQ,carolvelez@example.net,,183,(832)828-3189,264,Tiffany Davis
207,c0e#Y(sG!vIB,robertjohnson@example.org,,32,946.547.8435x690,474,Stanley Olson
208,rUZ50Tpb(tPv,ccook@example.com,,37,885-404-9761,107,Mario Haas
209,TA8yHaY#_TT^,andrearocha@example.org,,155,+1-782-664-0176x5571,464,Becky Cook
210,+jhAm0lAE))2,iheath@example.com,,151,717.833.0116,7,Stephen Jones
211,_NaEQDr7B680,kevin23@example.com,,12,739.846.2492x6201,203,Kristin Warren
212,L!mKDpv*Mi7o,deleonnancy@example.com,,34,(649)832-1610,322,Lauren Daniel
213,oLBzIoUw$G60,ytaylor@example.com,,169,(500)738-8590x4361,263,Amanda Foley
214,I2MM_4ht#4#S,michael27@example.net,,81,753-701-4276x73677,16,Charles Garcia
215,(5QkQqt_!NG$,zjames@example.net,,74,526-561-2172,3,Lisa Lyons
216,5JCuf*ar$25z,coryandrews@example.net,,162,522.780.5985x7410,318,Jared Campbell
217,SaQ8mxBfd#34,thomasshelton@example.org,,61,690-778-0478,378,Alicia Bradley
218,$m*7S)atdtvm,jennifer75@example.net,,131,+1-655-780-1233x66631,361,Brenda Clark
219,Y))54KznGErI,katie22@example.org,,143,(591)899-6980x8942,240,Wesley Villegas
220,S&04PiOlB_#7,austin84@example.org,,162,001-275-611-4205,462,Crystal Mitchell
221,2%DF9Jgo!Ry$,jennifer50@example.org,,131,915.826.5203x3957,267,Steven Blackburn Jr.
222,@mP9xYhWRDfD,portercourtney@example.net,,162,8862455616,424,Jacqueline Brown
223,hy%r1XAsTXkR,ktaylor@example.com,,129,(327)960-1629x9795,74,Timothy Green
224,(2k(APa&vp#%,christopher55@example.com,,49,+1-901-272-9225x0357,428,Tara Miller
225,Nz7*_+d+WHJQ,donnawright@example.org,,3,512-544-4506x2773,216,William Cherry
226,lJ%HWaIu@2HA,ncombs@example.org,,22,2553665945,318,Kenneth Hayes
227,#VRDN(DrnW8&,dixonstephanie@example.net,,20,(544)461-3976x342,213,Heather Riddle
228,5nNy6eDf_k)Z,jimenezrachel@example.org,,193,(410)966-1152,159,Jill Miller
229,zqY7H@@e8*9X,victorpham@example.org,,50,210.755.6976x3978,495,Mark Olson
230,in8st$7M^PDz,justin93@example.org,,29,446-926-0272x880,135,Eduardo Smith
231,#8I#DyL9K^hX,rachel71@example.com,,16,645.237.5897,194,Melissa Banks
232,_3&W1DtEsKjA,jgentry@example.org,,166,001-641-956-4916x315,141,Ryan York
233,$UYZh53+L7Qq,julieyoung@example.com,,60,(299)496-2861,76,Elizabeth Short
234,+1v*tB)yw$fO,rickythornton@example.com,,34,001-327-684-9706x5170,231,Jennifer Smith
235,(xpQ#rF$5+O),gschwartz@example.com,,6,001-533-902-8601x677,217,Jeffery Hatfield
236,^T9IlvmCJN69,cassandramitchell@example.net,,63,979.505.8072x58227,363,Rodney Montoya
237,J*63VRdNVreN,gonzalezbradley@example.net,,181,(924)634-4670x31347,186,Jerry Campbell
238,i#6G+CgT6#F),lnewman@example.com,,147,(923)914-7794x706,117,Lisa White
239,@L2Pb&yOuy9*,wellsjeffrey@example.org,,18,282-738-8874x997,357,Paul Russell
240,&91Fd67kF#2O,karenjohnson@example.com,,4,(357)780-2791x3696,13,Peter Yang
241,793wF5Ao_@Bh,bharris@example.net,,26,(202)457-9336,346,Connie Brown
242,2(7pULsmGbJ2,lorrainesmith@example.com,,29,001-322-410-0697,479,Stephen Shea
243,7uIi8jke_SG&,melanie10@example.org,,71,695.325.2439,452,Billy Dunn
244,7V@92Pps+D)3,chelsealopez@example.com,,179,+1-542-499-8273x430,71,Lauren Welch
245,^o+1G#Wuo!I(,kimberlyturner@example.net,,85,(973)720-2185x30800,150,Melanie Nelson
246,!%y3qhSBb5qO,jessica46@example.org,,115,522-587-0421x646,283,Joe Stewart
247,$JYe%WEy)1t5,cmcclain@example.com,,152,383.551.2622,71,Benjamin Harris
248,#yF#XmCo2D$Q,randall53@example.org,,165,(328)420-3329x66157,182,Jessica Morales
249,l&@Uv!BvO46s,jeff47@example.org,,180,+1-593-719-4116x1040,72,Pamela Gibson
250,a)^GNDtxO%5B,benjaminwilliamson@example.net,,36,654.726.7553,306,Randall Russell
251,C*KpTRJQmb30,hernandezrebecca@example.org,,156,(352)688-0579,7,David Kelly
252,f5W6gd5L(KQ4,michaelsimpson@example.com,,22,495-473-0416,135,Elizabeth Waters
253,n6)uE9Kf^_P8,ibarajas@example.org,,112,+1-528-986-6083,427,Lisa Vang
254,!DNYu@pznv1r,joshuaharris@example.org,,42,+1-856-395-9140,389,Benjamin Bush
255,$3Nfv3rng7Md,molly63@example.org,,100,874.865.4930,407,Steve Riddle
256,*LKIhWlG1M8u,maria16@example.org,,165,(280)566-3082x5575,276,Sandra Morales
257,*&ehdLwu4%k2,joshua20@example.org,,128,975.783.1100x423,73,Destiny James
258,AWV3J0Ytg(0A,shelby70@example.net,,121,(217)398-8677,94,Caitlin Flores MD
259,j)2SgSCs$!+f,rebecca34@example.net,,19,(389)478-7478,381,Ricky Mccarthy
260,CPV6E3$Ymv*q,gregoryelliott@example.com,,98,+1-583-787-6428,400,Kathryn Clark
261,3pH$3Rx8xN^H,vaguilar@example.net,,195,+1-796-333-4874x11067,13,Anna Underwood
262,L%Emg^+LNr1(,jbates@example.com,,157,001-767-335-1974x23841,222,Jessica Bryant
263,KI4pxBBw^e@B,zhenderson@example.com,,168,(269)508-6911x616,489,Gail Gordon
264,(g8WCGic1S9x,abrooks@example.net,,118,+1-893-317-4207x436,453,Danielle Lewis
265,*0LSB%%yLuyZ,sramirez@example.com,,75,+1-925-948-5239,489,Jeffrey Myers
266,+N2_jzy@^0E7,ronald76@example.com,,131,7225909366,78,Lori Hernandez
267,3OYINfBh^A#R,mosleyshari@example.com,,102,+1-594-260-8685,406,Christopher Cortez
268,OTdeM1sS(+3j,castrosean@example.net,,37,(769)645-8871x770,434,Christopher Walker
269,w)cxe6FaT9Ds,cmckenzie@example.org,,160,569-549-7431x41191,314,Tara English
270,__dug43D7iEW,vmills@example.net,,36,(467)328-3959,188,Daniel Thomas
271,iH3c@T6S_0F+,levinemelissa@example.net,,73,(295)646-1543x6778,290,Michael Bradshaw
272,*4stWglIx7Rs,pattersoncarl@example.com,,103,2549736116,172,Gene Davidson
273,1HDYH8_l^Hr1,thompsoneric@example.net,,15,(703)282-4639,5,Bonnie Bowman
274,FcT@Y2LqoAsV,regina28@example.net,,189,+1-637-620-5440x686,40,Jeff White
275,*7W_msobBSQK,tylerbray@example.net,,143,001-639-763-7231x81495,291,Steven Castaneda
276,@A+#D3Gcwn&t,jpark@example.org,,84,001-702-771-5994x66978,374,Matthew Alvarado
277,+zJO!tmYTu98,blackjennifer@example.net,,41,836.639.7581x8135,31,Mary Frye
278,(A@SlhBpV6#W,gparker@example.org,,34,(280)272-0299x512,285,Wanda Reyes
279,#A6MPI&mn(tV,bcopeland@example.com,,48,+1-211-819-8158x4190,168,Curtis Carroll Jr.
280,4w8jiDcnW%LW,arnoldjerry@example.com,,192,694.418.3924,2,Michelle Williamson
281,j+skPVfrJp9c,millerarthur@example.net,,52,+1-970-630-1030,161,Jonathan Delgado
282,9$n6Rbqcb5+4,rebekahbarajas@example.com,,87,001-889-246-3285x920,363,Shannon Brown
283,+)1eI5Ls@^Dr,stevenbrown@example.org,,17,329-806-1465,241,John Burns
284,+L9ZB8k8AT^Z,hernandezlisa@example.net,,62,001-359-824-0169x44225,444,Elizabeth Williams
285,A#$nGBj&+)u0,jennifer82@example.com,,10,+1-688-900-2330x47323,278,Erin Pham
286,4AM^LJadp7Fo,vcohen@example.net,,144,3813610787,5,Michael Wilson
287,JiA^WqXm^7kj,sarah11@example.net,,183,001-946-651-6379x52298,457,Robin Jones
288,cq4FK(kzzX9*,mark30@example.net,,82,+1-622-523-9981x2815,85,Philip Spencer
289,2cYDQtu%i*32,oschultz@example.org,,35,366-258-9419,294,Angela Bowen
290,L3kJlWLx#awu,carrie36@example.com,,46,+1-383-371-3032x8639,355,Brenda Pham
291,jGi2Wpw%c(7T,lmoore@example.com,,32,815.402.3349,24,Ana Irwin
292,%%pDgLhk4%Xi,alejandrodiaz@example.com,,132,(592)286-9258,274,Rodney Guerrero
293,W(_1%MvxM1ep,gterry@example.net,,167,687.430.2190x154,247,Dawn Gallagher
294,+5pEdV4v1TAT,john71@example.com,,45,2758239664,154,Kenneth Bean
295,N&Bp#5eK&20O,sarah02@example.org,,111,001-717-563-1958x6562,54,Matthew Ross
296,G$IM2WWw#M32,keykimberly@example.net,,140,(614)638-5061,293,David Pearson
297,nDm20UcY@mhT,millermatthew@example.com,,183,+1-426-991-0532,19,Hannah Odom
298,z4FIXU&d_%*+,brucehogan@example.com,,147,001-371-971-2313x4252,315,Greg Moreno
299,%6rbKwWa9HEk,robertking@example.net,,29,001-371-262-3645x14105,272,Patricia Jones
300,(U6+TnhnSP8R,calvinduncan@example.com,,88,407.686.2291,3,Rachel Smith
301,g#7GUwsf5dK),ostark@example.net,,195,443-471-5435x636,291,Andrew Rogers
302,_6njoJ9%6XT#,reginald69@example.net,,187,237-854-0800x7567,211,Susan Mullen
303,1pjONWl+2Tv@,lori25@example.org,,37,(619)289-1948x541,486,Ashlee Schmitt
304,OSa@_SYvXn0K,kgriffith@example.com,,49,+1-736-959-2376x0626,385,Wendy Parker
305,#yjJxamB1)(Y,shirleyfoster@example.org,,150,920.696.4095,376,Valerie Nelson
306,LhSiumGp$3+N,janetwilson@example.org,,115,001-788-617-8709x102,165,Stephanie Stafford
307,I2lVTe^5*4E$,lorettaolson@example.com,,182,917-359-9510,298,Krista Stewart
308,*8E96YsRxwoC,petersonjennifer@example.com,,167,001-745-461-2134x7563,355,Sarah Morgan
309,TdWQcHkM&2sZ,staciehamilton@example.com,,35,968-712-5544x865,166,Jessica Brown
310,kK0QNsvx$+NM,amandacarlson@example.org,,25,7754413006,284,Jennifer Santos
311,dUkzTmHQ^58Y,sandra89@example.com,,170,+1-455-875-8459x8703,290,Kimberly Raymond
312,8rhO6F4n#VxP,hector76@example.com,,59,663-786-2203x137,500,Randy Wright
313,J+XfJQs9v*B9,goodwintammie@example.com,,92,001-644-895-5731x9847,275,Duane Curry
314,3ag#pe9hSUGP,woodelizabeth@example.org,,21,5342280265,173,Gordon Shaw
315,&B%3Qqxcejxq,vfreeman@example.org,,24,505.546.3740x350,367,Charles Rodriguez
316,!W9itASn8gR),rodriguezelizabeth@example.net,,98,9726088372,395,Allison Alvarez
317,Y2E6WtXy*h#0,daniellemarsh@example.net,,163,(925)958-1597x545,120,Jeffrey Zuniga
318,d4+MkFLx%Q51,kathleenmorris@example.net,,71,373.789.3064,241,Travis Williams
319,OLD9AtYs($!1,lwilson@example.com,,157,317-250-4778x41078,121,Anne Morris
320,Co0kB4C3q%Gj,christina55@example.org,,165,347-854-6710,380,Michelle Guzman
321,j8vOBhBB#CLh,joel75@example.org,,150,+1-923-262-4967,145,Justin Alvarez
322,Q9Wn#Pkb41_&,michael01@example.net,,196,(481)641-3777x8045,310,Cynthia Bowman
323,A)c&@*n*B8gL,sean42@example.net,,143,883.360.3346x1918,218,Cynthia Williams
324,#3U3Trzu)0YV,mariajohnson@example.org,,196,445-452-4996x672,229,Jessica Moran
325,tGExMoJr^6B8,ericcallahan@example.org,,75,601.313.2417,97,Tyler Taylor
326,SF0h80Gb6e^^,cynthiaburke@example.net,,3,001-624-603-8678x40720,306,Anthony Knight
327,#S5J$d9!Ij+5,timothy85@example.org,,84,+1-359-214-9638x90973,95,Thomas Wells
328,0J4ayMpiZ%$t,timothyross@example.org,,136,932.500.5454x48910,465,Mikayla Marsh
329,^sj%Y*e(0J+D,xmendez@example.com,,171,716-468-6963x191,193,Cameron Gutierrez
330,kR7qJCGgj$6!,kennedyandrew@example.org,,113,7567821596,220,Tina Fleming
331,y*5IlENUOfeY,janet51@example.org,,133,606-913-6592x18816,99,Jessica Ward
332,&J2O7kyDvrLi,dylanellis@example.org,,139,(392)226-8035,323,Eddie Lewis
333,jU9%nNyO)XKq,regina31@example.com,,129,214-205-1810x66377,316,Alan Johnson
334,)1a1DqxILGCh,carrollamanda@example.net,,137,+1-760-648-3414x355,106,John Barry
335,4G4Dypwyl*Ms,johndixon@example.net,,42,321-848-9858x654,2,Michael Murphy
336,vL5ID^zc8$rF,alejandrowhitehead@example.com,,23,6227026611,183,David Nolan
337,T7&1buM0npXi,joshuaanderson@example.com,,127,2454726022,74,Heather Rice
338,6^6+jk+sZp+F,hooperanna@example.com,,122,5598232233,173,Joseph Smith
339,xa&Wpedjc9w#,jamiejackson@example.org,,101,398.880.6307x8707,303,Carlos White
340,bie2EOncd%hH,danaroth@example.com,,19,8845137730,387,Mary Bailey
341,@t1WtsDi&sF(,tammy04@example.org,,109,428.950.6738x45162,85,Mrs. Amy Vasquez MD
342,w&W3uEawyGW$,watsondavid@example.org,,111,238.333.0682x4332,345,Elizabeth Kramer
343,&x0T^gloGE)m,hhobbs@example.net,,108,230-223-4659x3313,142,Brandon Ortega
344,#3Vlo_q_0jl$,jacobschristian@example.net,,167,(242)384-0397x4801,386,Mary Hunt
345,tVLiZzoy*4&F,strongbrenda@example.net,,85,+1-950-462-1789x133,221,Matthew Morris
346,^9$Yej75gj0d,jonathan87@example.org,,49,996.823.2403x234,273,Sarah Hunter
347,@kYxUB1inY5d,matthew58@example.net,,45,519-808-8417x7269,129,Laura Garcia
348,F_%Nlhs@n24O,ddiaz@example.net,,111,936.495.5069,10,Dylan Phillips
349,vf+6UO@n6rz4,irhodes@example.net,,116,512-526-1215x37458,274,Ebony Hughes
350,vC_5uVApu$#0,sbenson@example.org,,46,5014467032,492,Shane White
351,_i28qEMhp#0z,danielanita@example.com,,138,346.438.2081x39349,424,Wendy Crawford
352,!lIJKTwg5J+3,christophercohen@example.org,,28,001-430-243-4185x2907,265,James Arnold
353,q#rKcLSj#8@e,richardssamuel@example.net,,122,514-801-2525x9681,45,Erica Perez
354,aL8AKWq!5$_g,andrea81@example.org,,48,837.445.8629x191,361,Timothy Gutierrez
355,HN4TC!re98$P,ubenson@example.org,,146,(500)452-1268x2695,454,Mariah Goodwin
356,&SMpJsqe@0nJ,mhall@example.com,,57,+1-340-986-5021,347,Carmen Steele
357,PeT(7VhYkF7p,stanley61@example.net,,31,3014188435,378,Brian Curry
358,!0K+oJ4E55QT,apratt@example.com,,51,001-225-722-9435x834,381,Robert Schmidt
359,E*b9FKFlgN1J,jillfrench@example.org,,39,(482)498-3683,184,Adam Garrett
360,%3Ru#Fi7Kyh4,lowemargaret@example.net,,174,276.638.2983,362,Destiny Clark
361,(nkz6TgH3ST_,davidrachel@example.org,,125,868-341-9215x34719,195,Traci Bryant
362,2Et7DrHp_H9l,turnerfelicia@example.com,,124,(715)668-5816,283,Rachel Mooney
363,L7i@nyIIPnsC,shawamanda@example.net,,67,(453)876-2339x13321,234,Brooke Wilson
364,$8GRcJ7)$fr),dhenderson@example.net,,105,9183046354,427,Michael Arias
365,L2hVI7xu(7@b,debraduarte@example.com,,88,909.961.4919,413,Monique Anderson
366,Q$LgZ$1pko03,xdavis@example.com,,137,205.772.2863,94,Robert Roberts
367,jxt$bdveq5*U,sheltonkevin@example.net,,30,+1-378-416-2909,465,Betty Garner
368,WSl7Rjk51(m^,wwagner@example.com,,190,(314)445-5886x67684,161,Devin Baird
369,10v(+7Sp!jLM,kathy13@example.com,,13,766.499.8456x82857,378,Raymond Strickland
370,%2TTjHjxg4Oq,michelle94@example.com,,93,498-564-8454,461,Eric Miles
371,0N83G+nx4^gG,opaul@example.com,,129,217-493-6043x7064,440,Danny Ross
372,m!W473Fqr93K,melvin29@example.com,,170,001-787-223-1298x782,291,Philip Diaz
373,)@GXmcPci22%,keithgreer@example.org,,118,+1-988-806-9060x9355,288,Autumn Garza
374,Kj*q+opipF6S,rsawyer@example.net,,141,001-485-372-6022x506,172,Amy Ramsey
375,Sh04WAwY&2XT,gainesjoshua@example.net,,184,814.290.8219x675,357,Ralph Watson
376,+gyK2ZAnHnh3,belindaelliott@example.org,,36,001-533-263-2233x200,463,Elizabeth Garcia
377,zVO1NcN2wq!_,tlang@example.net,,142,236.556.7886x357,187,Ronald Thompson
378,R!X4QKyzM&Q),igonzalez@example.com,,108,(554)785-6112x52755,281,Tiffany Dickerson
379,)3hEModC@4BR,james16@example.com,,16,001-766-806-2471x53673,467,Jenna Pugh
380,vY8RiiVvij@k,cwatkins@example.net,,93,826.275.3830x9394,476,William Perry
381,)Uk*7GWuocyZ,tamarasmith@example.net,,171,979.491.2214x5461,308,Catherine Morgan
382,*$9gs1$OCrGM,paulmeyer@example.net,,135,(211)846-5769x9494,253,Penny Clarke
383,951ozoXv(yI9,timothy79@example.com,,36,419-905-1996x525,96,Glenn Villarreal
384,^B%OBbsO5Ra(,yalvarado@example.org,,8,494.240.1484,161,Haley Hansen
385,vPJqOtJSb+72,hugheslee@example.com,,196,+1-419-551-3833,66,Eileen Gonzalez
386,!J1PjTOeG!sC,smithpeter@example.org,,9,001-238-216-5996,268,Julia Wallace
387,(XWCj+pcP2tY,lisa82@example.com,,174,709.799.8129x6328,145,Christina Dodson
388,&1Mm#FCnI54b,mwood@example.com,,95,3347516216,319,Christine Ross
389,y&fQfNc57TG+,pacemichael@example.org,,167,(260)770-2626x30682,403,James Cochran
390,$$gyZgZx84mX,garnerdouglas@example.com,,72,6938499616,65,Katie Ramirez
391,%o31N%ug#8cE,rochaalexis@example.org,,84,375-762-1843x34755,463,Juan Lee
392,Xmp+I5zQC8x3,pholmes@example.org,,91,298.224.3651x9928,125,John West
393,ov4uGXAv5^4O,smithmargaret@example.com,,122,+1-355-857-3645x338,88,Tammy Crawford
394,@54qFcDwRF4t,alan23@example.net,,127,497-574-9641x4457,58,Sharon Castro DDS
395,n7e39CtE_gt3,melissagonzalez@example.com,,57,(228)510-8653x768,389,Mark Lee
396,v8rN4#u0*dyL,ksteele@example.net,,45,501-264-9751x1648,179,Tom Tran
397,$cVNryYdx0Zn,angela59@example.org,,180,202-357-6281,50,Nicole Barton
398,wY#^R9FzWodr,haneymegan@example.net,,23,(299)399-8396x182,232,Kelli Hodges
399,0U#5bp!y+3Md,elizabethbaker@example.com,,127,001-655-900-2271,401,Michael Carter
400,&T7WtN85W80$,michellerivas@example.org,,14,+1-670-755-1551,295,Michelle Gates
401,#VIZ#Ibw5^7*,jordanmary@example.com,,112,619.499.0159,236,Daniel Perez
402,s+aW1JtyTWmC,currymercedes@example.org,,25,(589)852-8450,102,Larry Love PhD
403,#HZd4%Sa^uea,simmonsandrea@example.com,,58,2236919228,76,Jamie Lee
404,oXUw5Wkip4C$,robinsonmichael@example.com,,54,001-745-929-9139x1629,166,Samantha Reynolds
405,$(kRNgxfplw3,richardscory@example.org,,94,001-361-736-8457x76773,387,Jennifer Rivas
406,4!7RgFp9#UJQ,williamclark@example.com,,18,544-998-7228x4642,316,Erin Watson
407,@!+8TVtLXzg4,darrell51@example.org,,58,(222)996-6380x0140,376,Ronald White
408,)4n($nn+gjFR,lopezjill@example.net,,112,(751)493-3755x78351,433,Justin Dodson
409,dkfWG+rKq$7d,ipowell@example.com,,123,995.266.7972,365,John Williams
410,f)zLnkR+*(9O,ycarlson@example.net,,179,6213400350,133,Michael Joseph
411,U%zeL+#g%5H2,briannacross@example.org,,38,+1-871-931-7024x55419,237,Kathleen Payne
412,P2MD+JAn$s&q,fosterandrea@example.net,,183,001-968-881-0097x188,489,Richard Friedman
413,_BjIzmxr&Z5E,osmith@example.net,,13,703.470.1127x7703,178,Derek Ball
414,+YgvZ14fn64I,joseph77@example.net,,82,331.531.3574,372,Robin Hopkins
415,^6@^IVqC27y#,michaelrodriguez@example.org,,58,204-792-3871,132,Angela Jones
416,@8OaFnlcVEKI,iramirez@example.com,,141,001-925-904-1525x415,478,Shannon Rivera
417,J#@7WNsjxaRd,kennethallen@example.org,,8,979-941-0907,475,Tammy Lawrence
418,d)YEQ+@bUd5@,angela46@example.org,,7,4978331609,413,Chris Martin
419,)GR_&R1t+Q54,kristinemiller@example.net,,184,001-346-661-1463x05334,212,Donald Turner
420,%XbTMN#r^s3v,dclark@example.net,,24,571.587.3619,272,Elizabeth Franklin
421,b7n!(QcG^yOF,knapppatricia@example.net,,127,548.466.3143,11,Paul Brown
422,8@1ijeC#Cm@E,ryancarter@example.net,,141,425.237.6529,468,Manuel Bishop
423,^7vKW#jO2664,eprice@example.net,,47,462.465.8942x073,398,Nicholas Oliver
424,qd3kHNqw(2^Q,whamilton@example.org,,55,(868)562-4669x06567,442,Ralph Colon
425,&b7OXrNer78@,scottjones@example.net,,39,914-245-5176x4594,466,Timothy Jones
426,v)7ROrYa8s%P,brianlewis@example.com,,79,+1-914-656-4841,13,Dawn Davenport DDS
427,z8WDamcT#kXk,jennifer24@example.net,,55,001-756-239-3742,432,Brian Molina
428,%fKt+iTZU^G9,gibsonmichael@example.com,,71,484-682-6665,174,Richard Calderon
429,ke09CpqT!8N1,cmendez@example.net,,157,445-614-4511,74,Jacqueline Mitchell
430,d6@wkS&!XEGW,philiphopkins@example.com,,81,616-726-4236,45,Stacey Martin
431,c&S3Memmec&q,christy47@example.net,,158,+1-527-887-1610x76179,100,Betty Goodman
432,(6(d1)0mJKMP,mercadolisa@example.org,,24,995-385-9691,234,Teresa Baker
433,ws0G!$CCU!O1,nsantiago@example.net,,112,937-846-0972x1655,9,Janet Brown
434,i@4ET4NkwKen,williamwelch@example.com,,11,+1-688-375-0078x7902,38,Nathaniel Wright
435,TESo6K2v)GSz,isabella54@example.net,,32,001-735-606-3380x30034,358,Jacqueline Morgan
436,%JPpkbEK005b,brenda50@example.com,,55,586-292-6168x969,253,Daniel Robinson
437,H1xr(1*z#(H&,myersjason@example.com,,196,301.628.7881,364,Madison Avila
438,&$wV5Daeps8z,parrishjoseph@example.com,,41,+1-690-450-4640x401,268,Jasmine Leon
439,@@0(sz!tJegB,woodanthony@example.net,,30,(536)696-5024,433,Wendy Griffin
440,(6OFi%%AlcQZ,hayesdeborah@example.net,,74,333-947-7070,286,Alan Wiggins
441,X$8+A7%d$WVP,gjackson@example.net,,70,001-887-741-7229x6936,426,Stephanie Wilson
442,+@r7AoVJnmex,ksmith@example.com,,115,(481)490-2260,429,Rachel Vaughn
443,xCM*%_Yda_4h,jhess@example.com,,163,(812)265-0302x853,23,Daniel Martinez
444,l9DCYBlp*FQ@,morgan16@example.net,,42,001-560-891-4194,430,Jason Hernandez
445,HeB1CAqa&96N,danielmcdonald@example.org,,78,001-291-921-5767,41,Michael Knight
446,!1UZia)kUiUf,martinezmichael@example.com,,156,001-479-274-5475x636,427,Mrs. Teresa Carey
447,Fs1H6j4e(k+D,erin16@example.org,,50,436-243-2611,130,Christy Walker
448,Om7l^#$ds^lO,cassandra22@example.net,,190,5356358262,435,Taylor Hill
449,!5aWeHvbc(Nz,smithchristian@example.com,,1,894-674-6231,494,Tracy Shaffer
450,_5b6_Jo(d6Ll,francisco18@example.net,,110,412.335.0587x807,433,Jaime Lewis
451,67hTa&wg!OmG,robertnichols@example.com,,77,965.890.8593,291,Michael Rios
452,$6*0RU$rrE(2,fordbrian@example.org,,195,+1-261-668-9286x756,178,James Moreno
453,by!6(+^y&2WU,bgray@example.com,,63,+1-619-588-5874x6652,339,Anthony Sexton
454,@3kSBJlNO%md,jlambert@example.net,,101,+1-813-815-1043x79992,229,Lori Holt
455,1mN&xr@6!In1,hhayes@example.com,,143,679-931-4509x23372,275,Angela Mccarty
456,Ph6XN!fOQ3$A,uwyatt@example.net,,15,842-742-3810x4024,283,Mary Brown
457,W@p8MIjG&+_D,theresa47@example.com,,99,370-986-5333x617,497,Brittney Cox
458,MNMpTEbn&5N@,andreahernandez@example.com,,174,651.942.8413,134,Sandra Russell
459,((uBZ_9bc@9J,lriley@example.net,,23,001-255-494-7928x22010,477,Brandon Vaughan
460,Bg&VDr&ei57j,justin25@example.net,,137,(514)446-2329,500,Drew Smith
461,1v$Z7Asoc(Wu,bryantelizabeth@example.net,,143,238-200-6983x052,327,Casey Arellano
462,#(4G4q3QtNbH,cameronturner@example.com,,3,001-537-288-7295x59696,425,Bradley Reynolds
463,1$e3^zk7_@9C,xwilson@example.net,,192,+1-685-905-4756x969,76,Mary Schwartz
464,K5jTc8QR&YU8,nicholas78@example.com,,78,001-366-274-2937x511,345,Mitchell Cameron
465,!07gCNDn0Yn#,david29@example.net,,147,743-902-2671x42056,427,Michelle Miller
466,(wLZEsiU^2g#,grosstamara@example.com,,44,+1-722-201-0530x7919,464,Nancy Archer
467,&1A^silHy515,stephen80@example.com,,140,674-258-2046x335,168,Jasmine Davidson
468,x#+FAo$Fs&7@,owilliams@example.org,,58,(576)353-4798x901,52,Jacob Reyes
469,*dqPYm)H)D8P,joseph43@example.com,,187,906-858-3252,489,Penny Young
470,)QPNbNaaH2!5,cbaker@example.com,,48,(725)407-0953,470,Robert Simmons
471,++3PThVP9w(8,carolinemills@example.com,,100,749.822.9379,265,Victor Knight
472,$NP54Ji!2Vms,ronald14@example.com,,68,832-739-3251x7008,32,Christopher Mckay
473,41X@CxVfk2ZF,banksmadison@example.com,,110,901.218.4170x902,225,Nicholas Johnson
474,(cioPgzu)4(m,patriciachristensen@example.org,,126,+1-654-226-0262,336,Ann Vincent
475,ior0+PMv!)I0,arivera@example.net,,161,(739)382-6613,201,Douglas Holden
476,!6I94aDeccJ*,delgadophillip@example.com,,119,398.366.4180x4606,499,Gerald Davis
477,hlh2Ghlr_y3Z,tgarcia@example.org,,129,001-764-684-6295,71,Jessica Gonzalez
478,oML$(WZeJ7dV,utapia@example.net,,52,+1-330-990-8954,412,Cheyenne Walker
479,BR&hHUZt*+5J,amandasantos@example.net,,3,9553106168,267,Stephanie Brown
480,zE7OrIlSE$z),sergioserrano@example.net,,196,536-985-3435,464,Eric Graham
481,dA1YCmeaRR#I,josephgiles@example.net,,41,+1-637-230-4296x6633,180,Natalie Lynch
482,16VB5Upbe1b$,angelabarker@example.net,,117,7949052962,471,Robert Davis
483,I_1*Fox%0LDW,david00@example.com,,111,979-776-5124,446,Stacey Zamora
484,^q1$2NPh+AOC,sullivanmaria@example.net,,172,(416)623-9711x488,40,Debbie Collins
485,q74Yirar2@5N,melissa85@example.net,,104,768.408.7135,406,Nicholas Hoover
486,SF)KlXV^5*7@,greerlindsey@example.com,,113,306-450-5506x698,323,Angelica Perry
487,&8TV&D^g_2am,yangkelli@example.org,,59,777.481.6286x6417,5,Kevin Davila
488,CRE&Wjuf*T06,durhamthomas@example.net,,136,+1-671-235-4021x443,144,Shawn Burch
489,rO4UaqqTd)No,amandagilbert@example.com,,47,506.399.0881x7771,487,Christine Peterson
490,(T84E2h0%xed,kennethhamilton@example.net,,148,893.612.8689x2833,178,Jamie Robles
491,@7kRfm+pL_jh,johnny75@example.com,,117,661.587.8277x11742,276,Annette Williams
492,1+GlQeyF(_&5,mwiley@example.org,,75,990.330.9543x865,463,Taylor Mitchell
493,q926Nukr^F6*,sgriffin@example.org,,93,485.938.4209x644,110,Jeffrey Brown
494,knGk4dEfTUr+,jonathancurtis@example.net,,51,9249582612,10,Jonathan Martin
495,DT4RdaRmZ#$u,clairegreen@example.org,,1,(875)501-9575,424,Stephanie Bradford
496,I0oduPZa@yNU,debra18@example.net,,77,415.311.9528,63,Jeffrey Dawson
497,v%p@ZHqK1G5R,colleen03@example.net,,63,502-562-2829x704,121,Juan Smith
498,v1#a1GxxIa0h,smithjulie@example.com,,39,(788)335-4655,348,Rebecca Rosales
499,*9G^aRmuq0YR,harrisonmatthew@example.com,,50,640-416-6763,123,Michelle Farmer
500,*oIVzR$MV3TI,davidjohnson@example.org,,59,6053845719,103,James Montes
